skip smogon_ou_sample_042: duplicate of smogon_ou_sample_020
skip smogon_ou_sample_053: duplicate of smogon_ou_sample_022
skip smogon_ou_builder_tlc2020_46: duplicate of smogon_ou_sample_054
skip smogon_ou_builder_tlc2020v_1: duplicate of smogon_ou_builder_tlc2020_7
skip smogon_ou_builder_tlc2020v_2: duplicate of smogon_ou_builder_tlc2020_14
skip smogon_ou_builder_tlc2020v_3: duplicate of smogon_ou_builder_tlc2020_24
skip smogon_ou_builder_tlc2020v_4: duplicate of smogon_ou_builder_tlc2020_26
skip smogon_ou_builder_tlc2020v_5: duplicate of smogon_ou_builder_tlc2020_27
skip smogon_ou_builder_tlc2020v_6: duplicate of smogon_ou_builder_tlc2020_28
skip smogon_ou_builder_tlc2020v_7: duplicate of smogon_ou_builder_tlc2020_29
skip smogon_ou_builder_tlc2020v_8: duplicate of smogon_ou_builder_tlc2020_34
skip smogon_ou_builder_tlc2020v_9: duplicate of smogon_ou_builder_tlc2020_41
skip smogon_ou_builder_tlc2020v_10: duplicate of smogon_ou_builder_tlc2020_42
skip smogon_ou_builder_tlc2020v_11: duplicate of smogon_ou_sample_054
skip smogon_ou_builder_tlc2020v_12: duplicate of smogon_ou_builder_tlc2020_47
skip smogon_ou_builder_tlc2020v_13: duplicate of smogon_ou_builder_tlc2020_48
skip smogon_ou_builder_tlc2020v_14: duplicate of smogon_ou_builder_tlc2020_70
skip smogon_ou_builder_tlc2020v_15: duplicate of smogon_ou_builder_tlc2020_71
skip smogon_ou_builder_tlc2020v_16: duplicate of smogon_ou_builder_tlc2020_72
skip smogon_ou_builder_tlc2020v_17: duplicate of smogon_ou_builder_tlc2020_73
skip smogon_ou_builder_tlc2020v_18: duplicate of smogon_ou_builder_tlc2020_74
skip smogon_ou_builder_tlc2020v_19: duplicate of smogon_ou_builder_tlc2020_75
skip smogon_ou_builder_tlc2020v_20: duplicate of smogon_ou_builder_tlc2020_76
skip smogon_ou_builder_tlc2020v_21: duplicate of smogon_ou_builder_tlc2020_77
skip smogon_ou_builder_tlc2020v_22: duplicate of smogon_ou_builder_tlc2020_79
skip smogon_ou_builder_tlc2019_133: duplicate of smogon_ou_sample_043
skip smogon_ou_sharing_p1_003: duplicate of smogon_ou_builder_ibidem2017_80
skip smogon_ou_sharing_p1_004: duplicate of smogon_ou_builder_tlc2019_125
skip smogon_ou_sharing_p3_003_18: duplicate of smogon_ou_sharing_p3_003_15
skip smogon_ou_sharing_p5_006_1: duplicate of smogon_ou_builder_tlc2019_2
skip smogon_ou_sharing_p5_006_2: duplicate of smogon_ou_builder_tlc2019_3
skip smogon_ou_sharing_p5_006_3: duplicate of smogon_ou_builder_tlc2019_4
skip smogon_ou_sharing_p5_006_4: duplicate of smogon_ou_builder_tlc2019_10
skip smogon_ou_sharing_p5_006_5: duplicate of smogon_ou_builder_tlc2019_21
skip smogon_ou_sharing_p5_006_6: duplicate of smogon_ou_builder_tlc2019_22
skip smogon_ou_sharing_p5_006_7: duplicate of smogon_ou_builder_tlc2019_27
skip smogon_ou_sharing_p5_006_8: duplicate of smogon_ou_builder_tlc2019_30
skip smogon_ou_sharing_p5_006_9: duplicate of smogon_ou_builder_tlc2020_42
skip smogon_ou_sharing_p5_006_10: duplicate of smogon_ou_builder_tlc2019_67
skip smogon_ou_sharing_p5_006_11: duplicate of smogon_ou_sample_036
skip smogon_ou_sharing_p5_006_12: duplicate of smogon_ou_sample_022
skip smogon_ou_sharing_p5_006_13: duplicate of smogon_ou_builder_tlc2019_95
skip smogon_ou_sharing_p5_006_14: duplicate of smogon_ou_sample_034
skip smogon_ou_sharing_p5_006_15: duplicate of smogon_ou_builder_tlc2019_116
skip smogon_ou_sharing_p5_006_16: duplicate of smogon_ou_builder_tlc2019_117
skip smogon_ou_sharing_p5_006_17: duplicate of smogon_ou_builder_tlc2019_123
skip smogon_ou_sharing_p5_006_18: duplicate of smogon_ou_sample_045
skip smogon_ou_sharing_p5_006_19: duplicate of smogon_ou_builder_tlc2019_124
skip smogon_ou_sharing_p5_006_20: duplicate of smogon_ou_sample_046
skip smogon_ou_sharing_p5_006_21: duplicate of smogon_ou_builder_tlc2019_131
skip smogon_ou_sharing_p5_006_22: duplicate of smogon_ou_builder_tlc2019_132
skip smogon_ou_sharing_p5_006_23: duplicate of smogon_ou_builder_tlc2020_79
skip smogon_ou_sharing_p5_006_24: duplicate of smogon_ou_builder_tlc2019_134
skip smogon_ou_sharing_p5_006_25: duplicate of smogon_ou_builder_tlc2019_136
skip smogon_ou_sharing_p5_006_26: duplicate of smogon_ou_builder_tlc2019_138
skip smogon_ou_sharing_p5_006_27: duplicate of smogon_ou_builder_tlc2019_142
skip smogon_ou_sharing_p5_006_28: duplicate of smogon_ou_builder_tlc2019_2
skip smogon_ou_sharing_p5_006_29: duplicate of smogon_ou_builder_tlc2019_50
skip smogon_ou_sharing_p5_006_30: duplicate of smogon_ou_builder_tlc2019_100
skip smogon_ou_sharing_p5_006_31: duplicate of smogon_ou_builder_tlc2019_5
skip smogon_ou_sharing_p5_006_32: duplicate of smogon_ou_builder_tlc2019_7
skip smogon_ou_sharing_p5_006_33: duplicate of smogon_ou_builder_tlc2019_8
skip smogon_ou_sharing_p5_006_34: duplicate of smogon_ou_builder_tlc2019_9
skip smogon_ou_sharing_p5_006_35: duplicate of smogon_ou_builder_tlc2020_7
skip smogon_ou_sharing_p5_006_36: duplicate of smogon_ou_builder_tlc2019_10
skip smogon_ou_sharing_p5_006_37: duplicate of smogon_ou_builder_tlc2019_15
skip smogon_ou_sharing_p5_006_38: duplicate of smogon_ou_builder_tlc2019_17
skip smogon_ou_sharing_p5_006_39: duplicate of smogon_ou_builder_tlc2020_14
skip smogon_ou_sharing_p5_006_40: duplicate of smogon_ou_builder_tlc2019_18
skip smogon_ou_sharing_p5_006_41: duplicate of smogon_ou_builder_tlc2019_19
skip smogon_ou_sharing_p5_006_42: duplicate of smogon_ou_builder_tlc2019_21
skip smogon_ou_sharing_p5_006_43: duplicate of smogon_ou_builder_tlc2019_23
skip smogon_ou_sharing_p5_006_44: duplicate of smogon_ou_builder_tlc2019_27
skip smogon_ou_sharing_p5_006_45: duplicate of smogon_ou_builder_tlc2019_28
skip smogon_ou_sharing_p5_006_46: duplicate of smogon_ou_builder_tlc2019_29
skip smogon_ou_sharing_p5_006_47: duplicate of smogon_ou_builder_tlc2019_32
skip smogon_ou_sharing_p5_006_48: duplicate of smogon_ou_builder_tlc2020_34
skip smogon_ou_sharing_p5_006_49: duplicate of smogon_ou_builder_tlc2019_33
skip smogon_ou_sharing_p5_006_50: duplicate of smogon_ou_builder_tlc2019_35
skip smogon_ou_sharing_p5_006_51: duplicate of smogon_ou_builder_tlc2020_42
skip smogon_ou_sharing_p5_006_52: duplicate of smogon_ou_builder_tlc2019_36
skip smogon_ou_sharing_p5_006_53: duplicate of smogon_ou_builder_tlc2019_37
skip smogon_ou_sharing_p5_006_54: duplicate of smogon_ou_sample_002
skip smogon_ou_sharing_p5_006_55: duplicate of smogon_ou_builder_tlc2019_55
skip smogon_ou_sharing_p5_006_56: duplicate of smogon_ou_builder_tlc2019_56
skip smogon_ou_sharing_p5_006_57: duplicate of smogon_ou_builder_tlc2019_58
skip smogon_ou_sharing_p5_006_58: duplicate of smogon_ou_builder_tlc2019_59
skip smogon_ou_sharing_p5_006_59: duplicate of smogon_ou_builder_tlc2019_61
skip smogon_ou_sharing_p5_006_60: duplicate of smogon_ou_sample_039
skip smogon_ou_sharing_p5_006_61: duplicate of smogon_ou_sample_036
skip smogon_ou_sharing_p5_006_62: duplicate of smogon_ou_sample_035
skip smogon_ou_sharing_p5_006_63: duplicate of smogon_ou_builder_tlc2019_78
skip smogon_ou_sharing_p5_006_64: duplicate of smogon_ou_builder_tlc2019_79
skip smogon_ou_sharing_p5_006_65: duplicate of smogon_ou_builder_tlc2019_80
skip smogon_ou_sharing_p5_006_66: duplicate of smogon_ou_builder_tlc2019_81
skip smogon_ou_sharing_p5_006_67: duplicate of smogon_ou_builder_tlc2019_82
skip smogon_ou_sharing_p5_006_68: duplicate of smogon_ou_builder_tlc2019_83
skip smogon_ou_sharing_p5_006_69: duplicate of smogon_ou_builder_tlc2019_84
skip smogon_ou_sharing_p5_006_70: duplicate of smogon_ou_builder_tlc2019_85
skip smogon_ou_sharing_p5_006_71: duplicate of smogon_ou_builder_tlc2019_86
skip smogon_ou_sharing_p5_006_72: duplicate of smogon_ou_builder_tlc2019_87
skip smogon_ou_sharing_p5_006_73: duplicate of smogon_ou_builder_tlc2019_88
skip smogon_ou_sharing_p5_006_74: duplicate of smogon_ou_builder_tlc2019_89
skip smogon_ou_sharing_p5_006_75: duplicate of smogon_ou_builder_tlc2019_90
skip smogon_ou_sharing_p5_006_76: duplicate of smogon_ou_builder_tlc2019_91
skip smogon_ou_sharing_p5_006_77: duplicate of smogon_ou_builder_tlc2019_92
skip smogon_ou_sharing_p5_006_78: duplicate of smogon_ou_builder_tlc2019_93
skip smogon_ou_sharing_p5_006_79: duplicate of smogon_ou_builder_tlc2019_94
skip smogon_ou_sharing_p5_006_80: duplicate of smogon_ou_builder_tlc2019_95
skip smogon_ou_sharing_p5_006_81: duplicate of smogon_ou_builder_tlc2019_96
skip smogon_ou_sharing_p5_006_82: duplicate of smogon_ou_builder_tlc2019_97
skip smogon_ou_sharing_p5_006_83: duplicate of smogon_ou_builder_tlc2019_98
skip smogon_ou_sharing_p5_006_84: duplicate of smogon_ou_builder_tlc2019_99
skip smogon_ou_sharing_p5_006_85: duplicate of smogon_ou_builder_tlc2019_104
skip smogon_ou_sharing_p5_006_86: duplicate of smogon_ou_builder_tlc2019_105
skip smogon_ou_sharing_p5_006_87: duplicate of smogon_ou_builder_tlc2019_107
skip smogon_ou_sharing_p5_006_88: duplicate of smogon_ou_builder_tlc2019_108
skip smogon_ou_sharing_p5_006_89: duplicate of smogon_ou_builder_tlc2019_110
skip smogon_ou_sharing_p5_006_90: duplicate of smogon_ou_builder_tlc2019_113
skip smogon_ou_sharing_p5_006_91: duplicate of smogon_ou_builder_tlc2019_115
skip smogon_ou_sharing_p5_006_92: duplicate of smogon_ou_builder_tlc2020_77
skip smogon_ou_sharing_p5_006_94: duplicate of smogon_ou_sample_041
skip smogon_ou_sharing_p5_006_95: duplicate of smogon_ou_builder_tlc2019_39
skip smogon_ou_sharing_p5_006_96: duplicate of smogon_ou_builder_tlc2019_40
skip smogon_ou_sharing_p5_006_97: duplicate of smogon_ou_builder_tlc2019_41
skip smogon_ou_sharing_p5_006_98: duplicate of smogon_ou_builder_tlc2019_42
skip smogon_ou_sharing_p5_006_99: duplicate of smogon_ou_builder_tlc2019_143
skip smogon_ou_sharing_p5_006_100: duplicate of smogon_ou_builder_tlc2019_1
skip smogon_ou_sharing_p5_006_101: duplicate of smogon_ou_builder_tlc2019_6
skip smogon_ou_sharing_p5_006_102: duplicate of smogon_ou_sample_051
skip smogon_ou_sharing_p5_006_103: duplicate of smogon_ou_sample_048
skip smogon_ou_sharing_p5_006_105: duplicate of smogon_ou_builder_tlc2019_24
skip smogon_ou_sharing_p5_006_106: duplicate of smogon_ou_builder_tlc2019_25
skip smogon_ou_sharing_p5_006_107: duplicate of smogon_ou_sample_038
skip smogon_ou_sharing_p5_006_108: duplicate of smogon_ou_builder_tlc2020_29
skip smogon_ou_sharing_p5_006_109: duplicate of smogon_ou_builder_tlc2019_28
skip smogon_ou_sharing_p5_006_110: duplicate of smogon_ou_builder_tlc2019_30
skip smogon_ou_sharing_p5_006_111: duplicate of smogon_ou_builder_tlc2020_41
skip smogon_ou_sharing_p5_006_112: duplicate of smogon_ou_builder_tlc2019_46
skip smogon_ou_sharing_p5_006_113: duplicate of smogon_ou_sample_040
skip smogon_ou_sharing_p5_006_114: duplicate of smogon_ou_sample_054
skip smogon_ou_sharing_p5_006_115: duplicate of smogon_ou_builder_tlc2020_47
skip smogon_ou_sharing_p5_006_116: duplicate of smogon_ou_builder_tlc2019_52
skip smogon_ou_sharing_p5_006_117: duplicate of smogon_ou_builder_tlc2019_53
skip smogon_ou_sharing_p5_006_118: duplicate of smogon_ou_builder_tlc2019_54
skip smogon_ou_sharing_p5_006_119: duplicate of smogon_ou_builder_tlc2019_55
skip smogon_ou_sharing_p5_006_120: duplicate of smogon_ou_builder_tlc2019_61
skip smogon_ou_sharing_p5_006_121: duplicate of smogon_ou_builder_tlc2019_62
skip smogon_ou_sharing_p5_006_122: duplicate of smogon_ou_builder_tlc2019_63
skip smogon_ou_sharing_p5_006_123: duplicate of smogon_ou_builder_tlc2019_70
skip smogon_ou_sharing_p5_006_124: duplicate of smogon_ou_builder_tlc2019_71
skip smogon_ou_sharing_p5_006_125: duplicate of smogon_ou_builder_tlc2019_72
skip smogon_ou_sharing_p5_006_126: duplicate of smogon_ou_builder_tlc2019_73
skip smogon_ou_sharing_p5_006_127: duplicate of smogon_ou_sample_049
skip smogon_ou_sharing_p5_006_128: duplicate of smogon_ou_sample_054
skip smogon_ou_sharing_p5_006_129: duplicate of smogon_ou_builder_tlc2019_75
skip smogon_ou_sharing_p5_006_130: duplicate of smogon_ou_sample_022
skip smogon_ou_sharing_p5_006_131: duplicate of smogon_ou_builder_tlc2019_82
skip smogon_ou_sharing_p5_006_132: duplicate of smogon_ou_builder_tlc2019_89
skip smogon_ou_sharing_p5_006_133: duplicate of smogon_ou_sample_034
skip smogon_ou_sharing_p5_006_134: duplicate of smogon_ou_builder_tlc2019_111
skip smogon_ou_sharing_p5_006_135: duplicate of smogon_ou_builder_tlc2019_112
skip smogon_ou_sharing_p5_006_136: duplicate of smogon_ou_builder_tlc2020_72
skip smogon_ou_sharing_p5_006_137: duplicate of smogon_ou_builder_tlc2019_123
skip smogon_ou_sharing_p5_006_138: duplicate of smogon_ou_builder_tlc2019_125
skip smogon_ou_sharing_p5_006_139: duplicate of smogon_ou_sample_044
skip smogon_ou_sharing_p5_006_140: duplicate of smogon_ou_builder_tlc2019_28
skip smogon_ou_sharing_p5_006_141: duplicate of smogon_ou_builder_tlc2019_41
skip smogon_ou_sharing_p5_006_142: duplicate of smogon_ou_builder_tlc2019_42
skip smogon_ou_sharing_p5_006_143: duplicate of smogon_ou_builder_tlc2019_81
skip smogon_ou_sharing_p5_006_144: duplicate of smogon_ou_builder_tlc2019_5
skip smogon_ou_sharing_p5_006_145: duplicate of smogon_ou_builder_tlc2019_6
skip smogon_ou_sharing_p5_006_146: duplicate of smogon_ou_builder_tlc2019_7
skip smogon_ou_sharing_p5_006_147: duplicate of smogon_ou_builder_tlc2019_8
skip smogon_ou_sharing_p5_006_148: duplicate of smogon_ou_builder_tlc2019_9
skip smogon_ou_sharing_p5_006_149: duplicate of smogon_ou_sharing_p5_006_104
skip smogon_ou_sharing_p5_006_150: duplicate of smogon_ou_builder_tlc2019_24
skip smogon_ou_sharing_p5_006_151: duplicate of smogon_ou_builder_tlc2019_26
skip smogon_ou_sharing_p5_006_152: duplicate of smogon_ou_builder_tlc2019_56
skip smogon_ou_sharing_p5_006_153: duplicate of smogon_ou_builder_tlc2019_57
skip smogon_ou_sharing_p5_006_154: duplicate of smogon_ou_builder_tlc2019_58
skip smogon_ou_sharing_p5_006_155: duplicate of smogon_ou_builder_tlc2019_59
skip smogon_ou_sharing_p5_006_156: duplicate of smogon_ou_builder_tlc2019_60
skip smogon_ou_sharing_p5_006_157: duplicate of smogon_ou_builder_tlc2019_70
skip smogon_ou_sharing_p5_006_158: duplicate of smogon_ou_builder_tlc2019_71
skip smogon_ou_sharing_p5_006_159: duplicate of smogon_ou_builder_tlc2019_72
skip smogon_ou_sharing_p5_006_160: duplicate of smogon_ou_builder_tlc2019_73
skip smogon_ou_sharing_p5_006_161: duplicate of smogon_ou_sample_039
skip smogon_ou_sharing_p5_006_162: duplicate of smogon_ou_builder_tlc2019_82
skip smogon_ou_sharing_p5_006_163: duplicate of smogon_ou_builder_tlc2019_83
skip smogon_ou_sharing_p5_006_164: duplicate of smogon_ou_builder_tlc2019_84
skip smogon_ou_sharing_p5_006_165: duplicate of smogon_ou_builder_tlc2019_85
skip smogon_ou_sharing_p5_006_166: duplicate of smogon_ou_builder_tlc2019_88
skip smogon_ou_sharing_p5_006_167: duplicate of smogon_ou_builder_tlc2019_89
skip smogon_ou_sharing_p5_006_168: duplicate of smogon_ou_builder_tlc2020_70
skip smogon_ou_sharing_p5_006_169: duplicate of smogon_ou_builder_tlc2020_71
skip smogon_ou_sharing_p5_006_170: duplicate of smogon_ou_builder_tlc2020_72
skip smogon_ou_sharing_p5_006_171: duplicate of smogon_ou_builder_tlc2019_118
skip smogon_ou_sharing_p5_006_172: duplicate of smogon_ou_builder_tlc2019_10
skip smogon_ou_sharing_p5_006_173: duplicate of smogon_ou_builder_tlc2019_11
skip smogon_ou_sharing_p5_006_174: duplicate of smogon_ou_builder_tlc2019_12
skip smogon_ou_sharing_p5_006_175: duplicate of smogon_ou_builder_tlc2019_13
skip smogon_ou_sharing_p5_006_176: duplicate of smogon_ou_builder_tlc2019_14
skip smogon_ou_sharing_p5_006_177: duplicate of smogon_ou_builder_tlc2019_15
skip smogon_ou_sharing_p5_006_178: duplicate of smogon_ou_builder_tlc2019_16
skip smogon_ou_sharing_p5_006_179: duplicate of smogon_ou_builder_tlc2019_17
skip smogon_ou_sharing_p5_006_180: duplicate of smogon_ou_builder_tlc2020_14
skip smogon_ou_sharing_p5_006_181: duplicate of smogon_ou_builder_tlc2019_18
skip smogon_ou_sharing_p5_006_182: duplicate of smogon_ou_builder_tlc2019_19
skip smogon_ou_sharing_p5_006_183: duplicate of smogon_ou_builder_tlc2019_20
skip smogon_ou_sharing_p5_006_184: duplicate of smogon_ou_builder_tlc2019_21
skip smogon_ou_sharing_p5_006_185: duplicate of smogon_ou_builder_tlc2019_22
skip smogon_ou_sharing_p5_006_186: duplicate of smogon_ou_builder_tlc2019_2
skip smogon_ou_sharing_p5_006_187: duplicate of smogon_ou_builder_tlc2019_3
skip smogon_ou_sharing_p5_006_188: duplicate of smogon_ou_builder_tlc2019_4
skip smogon_ou_sharing_p5_006_189: duplicate of smogon_ou_builder_tlc2019_110
skip smogon_ou_sharing_p5_006_190: duplicate of smogon_ou_builder_tlc2019_111
skip smogon_ou_sharing_p5_006_191: duplicate of smogon_ou_builder_tlc2019_112
skip smogon_ou_sharing_p5_006_192: duplicate of smogon_ou_builder_tlc2019_6
skip smogon_ou_sharing_p5_006_193: duplicate of smogon_ou_builder_tlc2019_7
skip smogon_ou_sharing_p5_006_194: duplicate of smogon_ou_builder_tlc2019_8
skip smogon_ou_sharing_p5_006_195: duplicate of smogon_ou_sample_048
skip smogon_ou_sharing_p5_006_196: duplicate of smogon_ou_builder_tlc2019_23
skip smogon_ou_sharing_p5_006_197: duplicate of smogon_ou_builder_tlc2019_24
skip smogon_ou_sharing_p5_006_198: duplicate of smogon_ou_builder_tlc2019_25
skip smogon_ou_sharing_p5_006_199: duplicate of smogon_ou_builder_tlc2019_26
skip smogon_ou_sharing_p5_006_200: duplicate of smogon_ou_sample_038
skip smogon_ou_sharing_p5_006_201: duplicate of smogon_ou_builder_tlc2020_24
skip smogon_ou_sharing_p5_006_202: duplicate of smogon_ou_builder_tlc2020_26
skip smogon_ou_sharing_p5_006_203: duplicate of smogon_ou_builder_tlc2020_27
skip smogon_ou_sharing_p5_006_204: duplicate of smogon_ou_builder_tlc2020_28
skip smogon_ou_sharing_p5_006_205: duplicate of smogon_ou_builder_tlc2020_29
skip smogon_ou_sharing_p5_006_206: duplicate of smogon_ou_builder_tlc2019_29
skip smogon_ou_sharing_p5_006_207: duplicate of smogon_ou_builder_tlc2019_30
skip smogon_ou_sharing_p5_006_208: duplicate of smogon_ou_builder_tlc2019_37
skip smogon_ou_sharing_p5_006_209: duplicate of smogon_ou_sample_002
skip smogon_ou_sharing_p5_006_210: duplicate of smogon_ou_builder_tlc2019_45
skip smogon_ou_sharing_p5_006_211: duplicate of smogon_ou_builder_tlc2019_47
skip smogon_ou_sharing_p5_006_212: duplicate of smogon_ou_builder_tlc2019_48
skip smogon_ou_sharing_p5_006_213: duplicate of smogon_ou_builder_tlc2019_50
skip smogon_ou_sharing_p5_006_214: duplicate of smogon_ou_builder_tlc2019_56
skip smogon_ou_sharing_p5_006_215: duplicate of smogon_ou_builder_tlc2019_57
skip smogon_ou_sharing_p5_006_216: duplicate of smogon_ou_sample_039
skip smogon_ou_sharing_p5_006_217: duplicate of smogon_ou_builder_tlc2019_76
skip smogon_ou_sharing_p5_006_218: duplicate of smogon_ou_builder_tlc2019_77
skip smogon_ou_sharing_p5_006_219: duplicate of smogon_ou_builder_tlc2019_86
skip smogon_ou_sharing_p5_006_220: duplicate of smogon_ou_builder_tlc2019_87
skip smogon_ou_sharing_p5_006_221: duplicate of smogon_ou_builder_tlc2019_88
skip smogon_ou_sharing_p5_006_222: duplicate of smogon_ou_builder_tlc2019_89
skip smogon_ou_sharing_p5_006_223: duplicate of smogon_ou_builder_tlc2019_93
skip smogon_ou_sharing_p5_006_224: duplicate of smogon_ou_builder_tlc2019_94
skip smogon_ou_sharing_p5_006_225: duplicate of smogon_ou_builder_tlc2019_95
skip smogon_ou_sharing_p5_006_226: duplicate of smogon_ou_builder_tlc2019_96
skip smogon_ou_sharing_p5_006_227: duplicate of smogon_ou_builder_tlc2019_97
skip smogon_ou_sharing_p5_006_228: duplicate of smogon_ou_builder_tlc2019_98
skip smogon_ou_sharing_p5_006_229: duplicate of smogon_ou_builder_tlc2019_125
skip smogon_ou_sharing_p5_006_230: duplicate of smogon_ou_builder_tlc2019_126
skip smogon_ou_sharing_p5_006_231: duplicate of smogon_ou_builder_tlc2019_127
skip smogon_ou_sharing_p5_006_232: duplicate of smogon_ou_sample_044
skip smogon_ou_sharing_p5_006_233: duplicate of smogon_ou_builder_tlc2019_109
skip smogon_ou_sharing_p5_006_234: duplicate of smogon_ou_builder_tlc2019_127
skip smogon_ou_sharing_p5_006_235: duplicate of smogon_ou_builder_tlc2019_2
skip smogon_ou_sharing_p5_006_236: duplicate of smogon_ou_builder_tlc2019_3
skip smogon_ou_sharing_p5_006_237: duplicate of smogon_ou_builder_tlc2019_4
skip smogon_ou_sharing_p5_006_238: duplicate of smogon_ou_builder_tlc2019_36
skip smogon_ou_sharing_p5_006_239: duplicate of smogon_ou_builder_tlc2019_52
skip smogon_ou_sharing_p5_006_240: duplicate of smogon_ou_builder_tlc2019_53
skip smogon_ou_sharing_p5_006_241: duplicate of smogon_ou_builder_tlc2019_54
skip smogon_ou_sharing_p5_006_242: duplicate of smogon_ou_sample_033
skip smogon_ou_sharing_p5_006_243: duplicate of smogon_ou_builder_tlc2019_79
skip smogon_ou_sharing_p5_006_244: duplicate of smogon_ou_builder_tlc2019_90
skip smogon_ou_sharing_p5_006_245: duplicate of smogon_ou_builder_tlc2019_96
skip smogon_ou_sharing_p5_006_246: duplicate of smogon_ou_builder_tlc2019_99
skip smogon_ou_sharing_p5_006_247: duplicate of smogon_ou_builder_tlc2019_114
skip smogon_ou_sharing_p5_006_248: duplicate of smogon_ou_builder_tlc2019_121
skip smogon_ou_sharing_p5_006_249: duplicate of smogon_ou_builder_tlc2019_23
skip smogon_ou_sharing_p5_006_250: duplicate of smogon_ou_builder_tlc2019_27
skip smogon_ou_sharing_p5_006_251: duplicate of smogon_ou_builder_tlc2019_28
skip smogon_ou_sharing_p5_006_252: duplicate of smogon_ou_builder_tlc2019_29
skip smogon_ou_sharing_p5_006_253: duplicate of smogon_ou_builder_tlc2019_30
skip smogon_ou_sharing_p5_006_254: duplicate of smogon_ou_builder_tlc2019_31
skip smogon_ou_sharing_p5_006_255: duplicate of smogon_ou_builder_tlc2019_32
skip smogon_ou_sharing_p5_006_256: duplicate of smogon_ou_builder_tlc2020_34
skip smogon_ou_sharing_p5_006_257: duplicate of smogon_ou_builder_tlc2019_33
skip smogon_ou_sharing_p5_006_258: duplicate of smogon_ou_builder_tlc2019_34
skip smogon_ou_sharing_p5_006_259: duplicate of smogon_ou_builder_tlc2019_35
skip smogon_ou_sharing_p5_006_260: duplicate of smogon_ou_builder_tlc2020_41
skip smogon_ou_sharing_p5_006_261: duplicate of smogon_ou_builder_tlc2020_42
skip smogon_ou_sharing_p5_006_262: duplicate of smogon_ou_builder_tlc2019_36
skip smogon_ou_sharing_p5_006_263: duplicate of smogon_ou_builder_tlc2019_37
skip smogon_ou_sharing_p5_006_264: duplicate of smogon_ou_sample_002
skip smogon_ou_sharing_p5_006_265: duplicate of smogon_ou_sample_036
skip smogon_ou_sharing_p5_006_266: duplicate of smogon_ou_builder_tlc2019_3
skip smogon_ou_sharing_p5_006_267: duplicate of smogon_ou_builder_tlc2020_7
skip smogon_ou_sharing_p5_006_268: duplicate of smogon_ou_builder_tlc2019_10
skip smogon_ou_sharing_p5_006_269: duplicate of smogon_ou_builder_tlc2019_11
skip smogon_ou_sharing_p5_006_270: duplicate of smogon_ou_builder_tlc2019_12
skip smogon_ou_sharing_p5_006_271: duplicate of smogon_ou_builder_tlc2019_15
skip smogon_ou_sharing_p5_006_272: duplicate of smogon_ou_builder_tlc2019_16
skip smogon_ou_sharing_p5_006_273: duplicate of smogon_ou_builder_tlc2019_17
skip smogon_ou_sharing_p5_006_274: duplicate of smogon_ou_builder_tlc2020_14
skip smogon_ou_sharing_p5_006_275: duplicate of smogon_ou_builder_tlc2019_19
skip smogon_ou_sharing_p5_006_276: duplicate of smogon_ou_builder_tlc2019_20
skip smogon_ou_sharing_p5_006_277: duplicate of smogon_ou_builder_tlc2020_24
skip smogon_ou_sharing_p5_006_278: duplicate of smogon_ou_builder_tlc2020_26
skip smogon_ou_sharing_p5_006_279: duplicate of smogon_ou_builder_tlc2020_27
skip smogon_ou_sharing_p5_006_280: duplicate of smogon_ou_builder_tlc2020_28
skip smogon_ou_sharing_p5_006_281: duplicate of smogon_ou_builder_tlc2020_29
skip smogon_ou_sharing_p5_006_282: duplicate of smogon_ou_builder_tlc2019_27
skip smogon_ou_sharing_p5_006_283: duplicate of smogon_ou_builder_tlc2019_29
skip smogon_ou_sharing_p5_006_284: duplicate of smogon_ou_builder_tlc2019_32
skip smogon_ou_sharing_p5_006_285: duplicate of smogon_ou_builder_tlc2020_34
skip smogon_ou_sharing_p5_006_286: duplicate of smogon_ou_builder_tlc2019_33
skip smogon_ou_sharing_p5_006_287: duplicate of smogon_ou_builder_tlc2019_34
skip smogon_ou_sharing_p5_006_288: duplicate of smogon_ou_builder_tlc2019_35
skip smogon_ou_sharing_p5_006_289: duplicate of smogon_ou_builder_tlc2020_41
skip smogon_ou_sharing_p5_006_290: duplicate of smogon_ou_builder_tlc2019_36
skip smogon_ou_sharing_p5_006_291: duplicate of smogon_ou_builder_tlc2019_37
skip smogon_ou_sharing_p5_006_292: duplicate of smogon_ou_sample_002
skip smogon_ou_sharing_p5_006_293: duplicate of smogon_ou_builder_tlc2019_43
skip smogon_ou_sharing_p5_006_294: duplicate of smogon_ou_builder_tlc2019_44
skip smogon_ou_sharing_p5_006_295: duplicate of smogon_ou_sample_009
skip smogon_ou_sharing_p5_006_296: duplicate of smogon_ou_builder_tlc2019_47
skip smogon_ou_sharing_p5_006_297: duplicate of smogon_ou_builder_tlc2019_50
skip smogon_ou_sharing_p5_006_298: duplicate of smogon_ou_builder_tlc2019_51
skip smogon_ou_sharing_p5_006_299: duplicate of smogon_ou_sample_033
skip smogon_ou_sharing_p5_006_300: duplicate of smogon_ou_sample_035
skip smogon_ou_sharing_p5_006_301: duplicate of smogon_ou_builder_tlc2019_76
skip smogon_ou_sharing_p5_006_302: duplicate of smogon_ou_builder_tlc2019_77
skip smogon_ou_sharing_p5_006_303: duplicate of smogon_ou_builder_tlc2019_78
skip smogon_ou_sharing_p5_006_304: duplicate of smogon_ou_builder_tlc2019_80
skip smogon_ou_sharing_p5_006_305: duplicate of smogon_ou_builder_tlc2019_82
skip smogon_ou_sharing_p5_006_306: duplicate of smogon_ou_builder_tlc2019_86
skip smogon_ou_sharing_p5_006_307: duplicate of smogon_ou_builder_tlc2019_90
skip smogon_ou_sharing_p5_006_308: duplicate of smogon_ou_builder_tlc2019_92
skip smogon_ou_sharing_p5_006_309: duplicate of smogon_ou_builder_tlc2019_93
skip smogon_ou_sharing_p5_006_310: duplicate of smogon_ou_builder_tlc2019_94
skip smogon_ou_sharing_p5_006_311: duplicate of smogon_ou_builder_tlc2019_96
skip smogon_ou_sharing_p5_006_312: duplicate of smogon_ou_builder_tlc2019_97
skip smogon_ou_sharing_p5_006_313: duplicate of smogon_ou_builder_tlc2019_98
skip smogon_ou_sharing_p5_006_314: duplicate of smogon_ou_builder_tlc2019_99
skip smogon_ou_sharing_p5_006_315: duplicate of smogon_ou_builder_tlc2019_100
skip smogon_ou_sharing_p5_006_316: duplicate of smogon_ou_builder_tlc2019_102
skip smogon_ou_sharing_p5_006_317: duplicate of smogon_ou_builder_tlc2019_103
skip smogon_ou_sharing_p5_006_318: duplicate of smogon_ou_builder_tlc2019_113
skip smogon_ou_sharing_p5_006_319: duplicate of smogon_ou_builder_tlc2020_70
skip smogon_ou_sharing_p5_006_320: duplicate of smogon_ou_builder_tlc2020_71
skip smogon_ou_sharing_p5_006_321: duplicate of smogon_ou_builder_tlc2019_118
skip smogon_ou_sharing_p5_006_322: duplicate of smogon_ou_builder_tlc2019_119
skip smogon_ou_sharing_p5_006_323: duplicate of smogon_ou_builder_tlc2019_120
skip smogon_ou_sharing_p5_006_324: duplicate of smogon_ou_builder_tlc2019_121
skip smogon_ou_sharing_p5_006_325: duplicate of smogon_ou_builder_tlc2019_122
skip smogon_ou_sharing_p5_006_326: duplicate of smogon_ou_builder_tlc2019_123
skip smogon_ou_sharing_p5_006_327: duplicate of smogon_ou_sample_045
skip smogon_ou_sharing_p5_006_328: duplicate of smogon_ou_builder_tlc2019_125
skip smogon_ou_sharing_p5_006_329: duplicate of smogon_ou_builder_tlc2019_126
skip smogon_ou_sharing_p5_006_330: duplicate of smogon_ou_builder_tlc2019_127
skip smogon_ou_sharing_p5_006_331: duplicate of smogon_ou_builder_tlc2019_128
skip smogon_ou_sharing_p5_006_332: duplicate of smogon_ou_builder_tlc2019_139
skip smogon_ou_sharing_p5_006_333: duplicate of smogon_ou_builder_tlc2019_140
skip smogon_ou_sharing_p5_006_334: duplicate of smogon_ou_sharing_p5_006_93
skip smogon_ou_sharing_p5_006_335: duplicate of smogon_ou_sample_051
skip smogon_ou_sharing_p5_006_336: duplicate of smogon_ou_builder_tlc2019_40
skip smogon_ou_sharing_p5_006_337: duplicate of smogon_ou_sample_054
skip smogon_ou_sharing_p5_006_338: duplicate of smogon_ou_builder_tlc2020_47
skip smogon_ou_sharing_p5_006_339: duplicate of smogon_ou_builder_tlc2019_62
skip smogon_ou_sharing_p5_006_340: duplicate of smogon_ou_builder_tlc2019_65
skip smogon_ou_sharing_p5_006_341: duplicate of smogon_ou_builder_tlc2019_66
skip smogon_ou_sharing_p5_006_342: duplicate of smogon_ou_builder_tlc2019_67
skip smogon_ou_sharing_p5_006_343: duplicate of smogon_ou_builder_tlc2019_71
skip smogon_ou_sharing_p5_006_344: duplicate of smogon_ou_builder_tlc2019_72
skip smogon_ou_sharing_p5_006_345: duplicate of smogon_ou_sample_054
skip smogon_ou_sharing_p5_006_346: duplicate of smogon_ou_builder_tlc2019_105
skip smogon_ou_sharing_p5_006_347: duplicate of smogon_ou_builder_tlc2019_114
skip smogon_ou_sharing_p5_006_348: duplicate of smogon_ou_builder_tlc2019_129
skip smogon_ou_sharing_p5_006_349: duplicate of smogon_ou_builder_tlc2019_135
skip smogon_ou_sharing_p5_006_350: duplicate of smogon_ou_builder_tlc2019_142
skip smogon_ou_sharing_p5_006_351: duplicate of smogon_ou_builder_tlc2019_32
skip smogon_ou_sharing_p5_006_352: duplicate of smogon_ou_sample_040
skip smogon_ou_sharing_p5_006_353: duplicate of smogon_ou_builder_tlc2019_83
skip smogon_ou_sharing_p5_006_354: duplicate of smogon_ou_sample_041
skip smogon_ou_sharing_p5_006_355: duplicate of smogon_ou_sample_020
skip smogon_ou_sharing_p5_006_356: duplicate of smogon_ou_builder_tlc2020_7
skip smogon_ou_sharing_p5_006_357: duplicate of smogon_ou_builder_tlc2019_41
skip smogon_ou_sharing_p5_006_358: duplicate of smogon_ou_builder_tlc2019_43
skip smogon_ou_sharing_p5_006_359: duplicate of smogon_ou_builder_tlc2019_45
skip smogon_ou_sharing_p5_006_360: duplicate of smogon_ou_builder_tlc2019_46
skip smogon_ou_sharing_p5_006_361: duplicate of smogon_ou_sample_054
skip smogon_ou_sharing_p5_006_362: duplicate of smogon_ou_builder_tlc2019_52
skip smogon_ou_sharing_p5_006_363: duplicate of smogon_ou_builder_tlc2019_54
skip smogon_ou_sharing_p5_006_364: duplicate of smogon_ou_builder_tlc2019_62
skip smogon_ou_sharing_p5_006_365: duplicate of smogon_ou_builder_tlc2019_63
skip smogon_ou_sharing_p5_006_366: duplicate of smogon_ou_sample_054
skip smogon_ou_sharing_p5_006_367: duplicate of smogon_ou_builder_tlc2019_75
skip smogon_ou_sharing_p5_006_368: duplicate of smogon_ou_builder_tlc2020_76
skip smogon_ou_sharing_p5_006_369: duplicate of smogon_ou_builder_tlc2019_38
skip smogon_ou_sharing_p5_006_370: duplicate of smogon_ou_builder_tlc2019_39
skip smogon_ou_sharing_p5_006_371: duplicate of smogon_ou_builder_tlc2019_43
skip smogon_ou_sharing_p5_006_372: duplicate of smogon_ou_builder_tlc2019_127
skip smogon_ou_sharing_p5_006_373: duplicate of smogon_ou_builder_tlc2020_75
skip smogon_ou_sharing_p5_006_374: duplicate of smogon_ou_builder_tlc2019_5
skip smogon_ou_sharing_p5_006_375: duplicate of smogon_ou_builder_tlc2019_7
skip smogon_ou_sharing_p5_006_376: duplicate of smogon_ou_sample_048
skip smogon_ou_sharing_p5_006_377: duplicate of smogon_ou_builder_tlc2019_24
skip smogon_ou_sharing_p5_006_378: duplicate of smogon_ou_builder_tlc2020_24
skip smogon_ou_sharing_p5_006_379: duplicate of smogon_ou_builder_tlc2020_28
skip smogon_ou_sharing_p5_006_380: duplicate of smogon_ou_builder_tlc2020_29
skip smogon_ou_sharing_p5_006_381: duplicate of smogon_ou_builder_tlc2019_34
skip smogon_ou_sharing_p5_006_382: duplicate of smogon_ou_builder_tlc2019_45
skip smogon_ou_sharing_p5_006_383: duplicate of smogon_ou_sample_040
skip smogon_ou_sharing_p5_006_384: duplicate of smogon_ou_builder_tlc2019_47
skip smogon_ou_sharing_p5_006_385: duplicate of smogon_ou_builder_tlc2019_48
skip smogon_ou_sharing_p5_006_386: duplicate of smogon_ou_builder_tlc2019_49
skip smogon_ou_sharing_p5_006_387: duplicate of smogon_ou_sample_049
skip smogon_ou_sharing_p5_006_388: duplicate of smogon_ou_sample_036
skip smogon_ou_sharing_p5_006_389: duplicate of smogon_ou_sample_033
skip smogon_ou_sharing_p5_006_390: duplicate of smogon_ou_builder_tlc2019_77
skip smogon_ou_sharing_p5_006_391: duplicate of smogon_ou_builder_tlc2019_84
skip smogon_ou_sharing_p5_006_392: duplicate of smogon_ou_builder_tlc2019_88
skip smogon_ou_sharing_p5_006_393: duplicate of smogon_ou_builder_tlc2019_93
skip smogon_ou_sharing_p5_006_394: duplicate of smogon_ou_builder_tlc2019_94
skip smogon_ou_sharing_p5_006_395: duplicate of smogon_ou_builder_tlc2020_70
skip smogon_ou_sharing_p5_006_396: duplicate of smogon_ou_builder_tlc2020_71
skip smogon_ou_sharing_p5_006_397: duplicate of smogon_ou_builder_tlc2019_117
skip smogon_ou_sharing_p5_006_398: duplicate of smogon_ou_builder_tlc2020_72
skip smogon_ou_sharing_p5_006_399: duplicate of smogon_ou_builder_tlc2019_118
skip smogon_ou_sharing_p5_006_400: duplicate of smogon_ou_builder_tlc2019_119
skip smogon_ou_sharing_p5_006_401: duplicate of smogon_ou_builder_tlc2019_120
skip smogon_ou_sharing_p5_006_402: duplicate of smogon_ou_builder_tlc2019_121
skip smogon_ou_sharing_p5_006_403: duplicate of smogon_ou_builder_tlc2019_122
skip smogon_ou_sharing_p5_006_404: duplicate of smogon_ou_builder_tlc2019_125
skip smogon_ou_sharing_p5_006_405: duplicate of smogon_ou_builder_tlc2019_126
skip smogon_ou_sharing_p5_006_406: duplicate of smogon_ou_builder_tlc2020_77
skip smogon_ou_sharing_p5_006_407: duplicate of smogon_ou_builder_tlc2019_130
skip smogon_ou_sharing_p5_006_408: duplicate of smogon_ou_builder_tlc2020_79
skip smogon_ou_sharing_p5_006_409: duplicate of smogon_ou_builder_tlc2019_141
skip smogon_ou_sharing_p5_006_410: duplicate of smogon_ou_builder_tlc2019_142
skip smogon_ou_sharing_p5_006_411: duplicate of smogon_ou_builder_tlc2019_143
skip smogon_ou_sharing_p5_006_412: duplicate of smogon_ou_builder_tlc2019_11
skip smogon_ou_sharing_p5_006_413: duplicate of smogon_ou_builder_tlc2019_12
skip smogon_ou_sharing_p5_006_414: duplicate of smogon_ou_builder_tlc2019_13
skip smogon_ou_sharing_p5_006_415: duplicate of smogon_ou_builder_tlc2019_14
skip smogon_ou_sharing_p5_006_416: duplicate of smogon_ou_builder_tlc2019_16
skip smogon_ou_sharing_p5_006_417: duplicate of smogon_ou_builder_tlc2019_20
skip smogon_ou_sharing_p5_006_418: duplicate of smogon_ou_sample_009
skip smogon_ou_sharing_p5_006_419: duplicate of smogon_ou_builder_tlc2019_100
skip smogon_ou_sharing_p5_006_420: duplicate of smogon_ou_builder_tlc2019_101
skip smogon_ou_sharing_p5_006_421: duplicate of smogon_ou_builder_tlc2019_102
skip smogon_ou_sharing_p5_006_422: duplicate of smogon_ou_builder_tlc2019_103
skip smogon_ou_sharing_p5_006_423: duplicate of smogon_ou_builder_tlc2019_106
skip smogon_ou_sharing_p5_006_424: duplicate of smogon_ou_builder_tlc2019_122
skip smogon_ou_sharing_p5_006_425: duplicate of smogon_ou_builder_tlc2020_34
skip smogon_ou_sharing_p5_006_426: duplicate of smogon_ou_builder_tlc2019_15
skip smogon_ou_sharing_p5_006_427: duplicate of smogon_ou_builder_tlc2019_16
skip smogon_ou_sharing_p5_006_428: duplicate of smogon_ou_builder_tlc2019_47
skip smogon_ou_sharing_p5_006_429: duplicate of smogon_ou_builder_tlc2019_48
skip smogon_ou_sharing_p5_006_430: duplicate of smogon_ou_builder_tlc2019_49
skip smogon_ou_sharing_p5_006_431: duplicate of smogon_ou_builder_tlc2019_43
skip smogon_ou_sharing_p5_006_432: duplicate of smogon_ou_builder_tlc2019_50
skip smogon_ou_sharing_p5_006_433: duplicate of smogon_ou_builder_tlc2019_51
skip smogon_ou_sharing_p5_006_434: duplicate of smogon_ou_builder_tlc2019_77
skip smogon_ou_sharing_p5_006_435: duplicate of smogon_ou_builder_tlc2019_139
skip smogon_ou_sharing_p5_006_436: duplicate of smogon_ou_builder_tlc2019_77
skip smogon_ou_sharing_p5_006_437: duplicate of smogon_ou_builder_tlc2019_126
skip smogon_ou_sharing_p5_006_438: duplicate of smogon_ou_builder_tlc2019_140
skip smogon_ou_sharing_p5_006_439: duplicate of smogon_ou_builder_tlc2019_38
skip smogon_ou_sharing_p5_006_440: duplicate of smogon_ou_builder_tlc2020_74
skip smogon_ou_sharing_p5_006_441: duplicate of smogon_ou_builder_tlc2020_75
skip smogon_ou_sharing_p5_006_442: duplicate of smogon_ou_sample_020
skip smogon_ou_sharing_p5_006_443: duplicate of smogon_ou_sample_051
skip smogon_ou_sharing_p5_006_444: duplicate of smogon_ou_sharing_p5_006_104
skip smogon_ou_sharing_p5_006_445: duplicate of smogon_ou_builder_tlc2019_21
skip smogon_ou_sharing_p5_006_446: duplicate of smogon_ou_builder_tlc2019_22
skip smogon_ou_sharing_p5_006_447: duplicate of smogon_ou_builder_tlc2019_24
skip smogon_ou_sharing_p5_006_448: duplicate of smogon_ou_builder_tlc2019_25
skip smogon_ou_sharing_p5_006_449: duplicate of smogon_ou_builder_tlc2019_26
skip smogon_ou_sharing_p5_006_450: duplicate of smogon_ou_builder_tlc2019_39
skip smogon_ou_sharing_p5_006_451: duplicate of smogon_ou_sample_054
skip smogon_ou_sharing_p5_006_452: duplicate of smogon_ou_builder_tlc2020_47
skip smogon_ou_sharing_p5_006_453: duplicate of smogon_ou_builder_tlc2020_48
skip smogon_ou_sharing_p5_006_454: duplicate of smogon_ou_builder_tlc2019_52
skip smogon_ou_sharing_p5_006_455: duplicate of smogon_ou_builder_tlc2019_53
skip smogon_ou_sharing_p5_006_456: duplicate of smogon_ou_builder_tlc2019_54
skip smogon_ou_sharing_p5_006_457: duplicate of smogon_ou_builder_tlc2019_55
skip smogon_ou_sharing_p5_006_458: duplicate of smogon_ou_builder_tlc2019_56
skip smogon_ou_sharing_p5_006_459: duplicate of smogon_ou_builder_tlc2019_57
skip smogon_ou_sharing_p5_006_460: duplicate of smogon_ou_builder_tlc2019_58
skip smogon_ou_sharing_p5_006_461: duplicate of smogon_ou_builder_tlc2019_59
skip smogon_ou_sharing_p5_006_462: duplicate of smogon_ou_builder_tlc2019_60
skip smogon_ou_sharing_p5_006_463: duplicate of smogon_ou_builder_tlc2019_61
skip smogon_ou_sharing_p5_006_464: duplicate of smogon_ou_builder_tlc2019_62
skip smogon_ou_sharing_p5_006_465: duplicate of smogon_ou_builder_tlc2019_63
skip smogon_ou_sharing_p5_006_466: duplicate of smogon_ou_builder_tlc2019_64
skip smogon_ou_sharing_p5_006_467: duplicate of smogon_ou_builder_tlc2019_65
skip smogon_ou_sharing_p5_006_468: duplicate of smogon_ou_builder_tlc2019_66
skip smogon_ou_sharing_p5_006_469: duplicate of smogon_ou_builder_tlc2019_67
skip smogon_ou_sharing_p5_006_470: duplicate of smogon_ou_builder_tlc2019_68
skip smogon_ou_sharing_p5_006_471: duplicate of smogon_ou_builder_tlc2019_69
skip smogon_ou_sharing_p5_006_472: duplicate of smogon_ou_builder_tlc2019_70
skip smogon_ou_sharing_p5_006_473: duplicate of smogon_ou_builder_tlc2019_71
skip smogon_ou_sharing_p5_006_474: duplicate of smogon_ou_builder_tlc2019_72
skip smogon_ou_sharing_p5_006_475: duplicate of smogon_ou_builder_tlc2019_73
skip smogon_ou_sharing_p5_006_476: duplicate of smogon_ou_builder_tlc2019_74
skip smogon_ou_sharing_p5_006_477: duplicate of smogon_ou_sample_049
skip smogon_ou_sharing_p5_006_478: duplicate of smogon_ou_sample_054
skip smogon_ou_sharing_p5_006_479: duplicate of smogon_ou_builder_tlc2019_75
skip smogon_ou_sharing_p5_006_480: duplicate of smogon_ou_sample_022
skip smogon_ou_sharing_p5_006_481: duplicate of smogon_ou_sample_034
skip smogon_ou_sharing_p5_006_482: duplicate of smogon_ou_builder_tlc2019_104
skip smogon_ou_sharing_p5_006_483: duplicate of smogon_ou_builder_tlc2019_105
skip smogon_ou_sharing_p5_006_484: duplicate of smogon_ou_builder_tlc2019_106
skip smogon_ou_sharing_p5_006_485: duplicate of smogon_ou_builder_tlc2019_107
skip smogon_ou_sharing_p5_006_486: duplicate of smogon_ou_builder_tlc2019_108
skip smogon_ou_sharing_p5_006_487: duplicate of smogon_ou_builder_tlc2019_109
skip smogon_ou_sharing_p5_006_488: duplicate of smogon_ou_builder_tlc2019_110
skip smogon_ou_sharing_p5_006_489: duplicate of smogon_ou_builder_tlc2019_111
skip smogon_ou_sharing_p5_006_490: duplicate of smogon_ou_builder_tlc2019_112
skip smogon_ou_sharing_p5_006_491: duplicate of smogon_ou_builder_tlc2019_113
skip smogon_ou_sharing_p5_006_492: duplicate of smogon_ou_builder_tlc2019_114
skip smogon_ou_sharing_p5_006_493: duplicate of smogon_ou_builder_tlc2019_115
skip smogon_ou_sharing_p5_006_494: duplicate of smogon_ou_builder_tlc2019_116
skip smogon_ou_sharing_p5_006_495: duplicate of smogon_ou_sample_040
skip smogon_ou_sharing_p5_006_496: duplicate of smogon_ou_builder_tlc2019_105
skip smogon_ou_sharing_p5_006_497: duplicate of smogon_ou_builder_tlc2019_1
skip smogon_ou_sharing_p5_006_498: duplicate of smogon_ou_builder_tlc2019_3
skip smogon_ou_sharing_p5_006_499: duplicate of smogon_ou_sample_020
skip smogon_ou_sharing_p5_006_500: duplicate of smogon_ou_builder_tlc2019_5
skip smogon_ou_sharing_p5_006_501: duplicate of smogon_ou_builder_tlc2019_6
skip smogon_ou_sharing_p5_006_502: duplicate of smogon_ou_builder_tlc2019_9
skip smogon_ou_sharing_p5_006_503: duplicate of smogon_ou_builder_tlc2020_7
skip smogon_ou_sharing_p5_006_504: duplicate of smogon_ou_sample_051
skip smogon_ou_sharing_p5_006_505: duplicate of smogon_ou_builder_tlc2019_10
skip smogon_ou_sharing_p5_006_506: duplicate of smogon_ou_builder_tlc2019_11
skip smogon_ou_sharing_p5_006_507: duplicate of smogon_ou_builder_tlc2019_12
skip smogon_ou_sharing_p5_006_508: duplicate of smogon_ou_builder_tlc2019_13
skip smogon_ou_sharing_p5_006_509: duplicate of smogon_ou_builder_tlc2019_14
skip smogon_ou_sharing_p5_006_510: duplicate of smogon_ou_builder_tlc2019_15
skip smogon_ou_sharing_p5_006_511: duplicate of smogon_ou_builder_tlc2019_16
skip smogon_ou_sharing_p5_006_512: duplicate of smogon_ou_builder_tlc2019_17
skip smogon_ou_sharing_p5_006_513: duplicate of smogon_ou_builder_tlc2020_14
skip smogon_ou_sharing_p5_006_514: duplicate of smogon_ou_builder_tlc2019_18
skip smogon_ou_sharing_p5_006_515: duplicate of smogon_ou_builder_tlc2019_19
skip smogon_ou_sharing_p5_006_516: duplicate of smogon_ou_builder_tlc2019_20
skip smogon_ou_sharing_p5_006_517: duplicate of smogon_ou_builder_tlc2019_25
skip smogon_ou_sharing_p5_006_518: duplicate of smogon_ou_builder_tlc2019_31
skip smogon_ou_sharing_p5_006_519: duplicate of smogon_ou_builder_tlc2019_38
skip smogon_ou_sharing_p5_006_520: duplicate of smogon_ou_builder_tlc2019_39
skip smogon_ou_sharing_p5_006_521: duplicate of smogon_ou_builder_tlc2019_41
skip smogon_ou_sharing_p5_006_522: duplicate of smogon_ou_builder_tlc2019_42
skip smogon_ou_sharing_p5_006_523: duplicate of smogon_ou_builder_tlc2019_43
skip smogon_ou_sharing_p5_006_524: duplicate of smogon_ou_builder_tlc2019_44
skip smogon_ou_sharing_p5_006_525: duplicate of smogon_ou_builder_tlc2019_46
skip smogon_ou_sharing_p5_006_526: duplicate of smogon_ou_sample_009
skip smogon_ou_sharing_p5_006_527: duplicate of smogon_ou_builder_tlc2019_50
skip smogon_ou_sharing_p5_006_528: duplicate of smogon_ou_builder_tlc2019_51
skip smogon_ou_sharing_p5_006_529: duplicate of smogon_ou_sample_054
skip smogon_ou_sharing_p5_006_530: duplicate of smogon_ou_builder_tlc2020_47
skip smogon_ou_sharing_p5_006_531: duplicate of smogon_ou_builder_tlc2020_48
skip smogon_ou_sharing_p5_006_532: duplicate of smogon_ou_builder_tlc2019_53
skip smogon_ou_sharing_p5_006_533: duplicate of smogon_ou_builder_tlc2019_55
skip smogon_ou_sharing_p5_006_534: duplicate of smogon_ou_builder_tlc2019_58
skip smogon_ou_sharing_p5_006_535: duplicate of smogon_ou_builder_tlc2019_60
skip smogon_ou_sharing_p5_006_536: duplicate of smogon_ou_builder_tlc2019_61
skip smogon_ou_sharing_p5_006_537: duplicate of smogon_ou_builder_tlc2019_62
skip smogon_ou_sharing_p5_006_538: duplicate of smogon_ou_builder_tlc2019_63
skip smogon_ou_sharing_p5_006_539: duplicate of smogon_ou_builder_tlc2019_64
skip smogon_ou_sharing_p5_006_540: duplicate of smogon_ou_builder_tlc2019_65
skip smogon_ou_sharing_p5_006_541: duplicate of smogon_ou_builder_tlc2019_66
skip smogon_ou_sharing_p5_006_542: duplicate of smogon_ou_builder_tlc2019_67
skip smogon_ou_sharing_p5_006_543: duplicate of smogon_ou_builder_tlc2019_68
skip smogon_ou_sharing_p5_006_544: duplicate of smogon_ou_builder_tlc2019_69
skip smogon_ou_sharing_p5_006_545: duplicate of smogon_ou_builder_tlc2019_70
skip smogon_ou_sharing_p5_006_546: duplicate of smogon_ou_builder_tlc2019_71
skip smogon_ou_sharing_p5_006_547: duplicate of smogon_ou_builder_tlc2019_72
skip smogon_ou_sharing_p5_006_548: duplicate of smogon_ou_builder_tlc2019_73
skip smogon_ou_sharing_p5_006_549: duplicate of smogon_ou_sample_054
skip smogon_ou_sharing_p5_006_550: duplicate of smogon_ou_sample_043
skip smogon_ou_sharing_p5_006_551: duplicate of smogon_ou_builder_tlc2019_75
skip smogon_ou_sharing_p5_006_552: duplicate of smogon_ou_sample_022
skip smogon_ou_sharing_p5_006_553: duplicate of smogon_ou_builder_tlc2019_78
skip smogon_ou_sharing_p5_006_554: duplicate of smogon_ou_builder_tlc2019_80
skip smogon_ou_sharing_p5_006_555: duplicate of smogon_ou_builder_tlc2019_85
skip smogon_ou_sharing_p5_006_556: duplicate of smogon_ou_builder_tlc2019_91
skip smogon_ou_sharing_p5_006_557: duplicate of smogon_ou_builder_tlc2019_97
skip smogon_ou_sharing_p5_006_558: duplicate of smogon_ou_builder_tlc2019_98
skip smogon_ou_sharing_p5_006_559: duplicate of smogon_ou_builder_tlc2019_101
skip smogon_ou_sharing_p5_006_560: duplicate of smogon_ou_builder_tlc2019_102
skip smogon_ou_sharing_p5_006_561: duplicate of smogon_ou_builder_tlc2019_104
skip smogon_ou_sharing_p5_006_562: duplicate of smogon_ou_builder_tlc2019_106
skip smogon_ou_sharing_p5_006_563: duplicate of smogon_ou_sample_045
skip smogon_ou_sharing_p5_006_564: duplicate of smogon_ou_sample_046
skip smogon_ou_sharing_p5_006_565: duplicate of smogon_ou_builder_tlc2020_74
skip smogon_ou_sharing_p5_006_566: duplicate of smogon_ou_builder_tlc2020_75
skip smogon_ou_sharing_p5_006_567: duplicate of smogon_ou_builder_tlc2020_76
skip smogon_ou_sharing_p5_006_568: duplicate of smogon_ou_builder_tlc2019_128
skip smogon_ou_sharing_p5_006_569: duplicate of smogon_ou_builder_tlc2019_129
skip smogon_ou_sharing_p5_006_570: duplicate of smogon_ou_builder_tlc2019_131
skip smogon_ou_sharing_p5_006_571: duplicate of smogon_ou_builder_tlc2019_132
skip smogon_ou_sharing_p5_006_572: duplicate of smogon_ou_sample_043
skip smogon_ou_sharing_p5_006_573: duplicate of smogon_ou_builder_tlc2020_79
skip smogon_ou_sharing_p5_006_574: duplicate of smogon_ou_builder_tlc2019_134
skip smogon_ou_sharing_p5_006_575: duplicate of smogon_ou_builder_tlc2019_135
skip smogon_ou_sharing_p5_006_576: duplicate of smogon_ou_builder_tlc2019_136
skip smogon_ou_sharing_p5_006_577: duplicate of smogon_ou_builder_tlc2019_137
skip smogon_ou_sharing_p5_006_578: duplicate of smogon_ou_builder_tlc2019_138
skip smogon_ou_sharing_p5_006_579: duplicate of smogon_ou_builder_tlc2019_139
skip smogon_ou_sharing_p5_006_580: duplicate of smogon_ou_builder_tlc2019_140
skip smogon_ou_sharing_p5_006_581: duplicate of smogon_ou_builder_tlc2019_141
skip smogon_ou_sharing_p5_006_582: duplicate of smogon_ou_builder_tlc2019_144
skip smogon_ou_sharing_p5_006_583: duplicate of smogon_ou_sample_041
skip smogon_ou_sharing_p5_006_584: duplicate of smogon_ou_builder_tlc2019_6
skip smogon_ou_sharing_p5_006_585: duplicate of smogon_ou_builder_tlc2019_8
skip smogon_ou_sharing_p5_006_586: duplicate of smogon_ou_builder_tlc2019_24
skip smogon_ou_sharing_p5_006_587: duplicate of smogon_ou_builder_tlc2019_25
skip smogon_ou_sharing_p5_006_588: duplicate of smogon_ou_builder_tlc2019_26
skip smogon_ou_sharing_p5_006_589: duplicate of smogon_ou_builder_tlc2019_30
skip smogon_ou_sharing_p5_006_590: duplicate of smogon_ou_builder_tlc2019_32
skip smogon_ou_sharing_p5_006_591: duplicate of smogon_ou_builder_tlc2019_33
skip smogon_ou_sharing_p5_006_592: duplicate of smogon_ou_builder_tlc2020_41
skip smogon_ou_sharing_p5_006_593: duplicate of smogon_ou_sample_054
skip smogon_ou_sharing_p5_006_594: duplicate of smogon_ou_builder_tlc2020_47
skip smogon_ou_sharing_p5_006_595: duplicate of smogon_ou_builder_tlc2019_52
skip smogon_ou_sharing_p5_006_596: duplicate of smogon_ou_builder_tlc2019_53
skip smogon_ou_sharing_p5_006_597: duplicate of smogon_ou_builder_tlc2019_54
skip smogon_ou_sharing_p5_006_598: duplicate of smogon_ou_builder_tlc2019_55
skip smogon_ou_sharing_p5_006_599: duplicate of smogon_ou_builder_tlc2019_57
skip smogon_ou_sharing_p5_006_600: duplicate of smogon_ou_sample_039
skip smogon_ou_sharing_p5_006_601: duplicate of smogon_ou_sample_054
skip smogon_ou_sharing_p5_006_602: duplicate of smogon_ou_builder_tlc2019_82
skip smogon_ou_sharing_p5_006_603: duplicate of smogon_ou_builder_tlc2019_83
skip smogon_ou_sharing_p5_006_604: duplicate of smogon_ou_builder_tlc2019_94
skip smogon_ou_sharing_p5_006_605: duplicate of smogon_ou_builder_tlc2019_111
skip smogon_ou_sharing_p5_006_606: duplicate of smogon_ou_builder_tlc2019_112
skip smogon_ou_sharing_p5_006_607: duplicate of smogon_ou_builder_tlc2020_72
skip smogon_ou_sharing_p5_006_608: duplicate of smogon_ou_builder_tlc2020_14
skip smogon_ou_sharing_p5_006_609: duplicate of smogon_ou_builder_tlc2019_18
skip smogon_ou_sharing_p5_006_610: duplicate of smogon_ou_builder_tlc2019_19
skip smogon_ou_sharing_p5_006_611: duplicate of smogon_ou_builder_tlc2019_20
skip smogon_ou_sharing_p5_006_612: duplicate of smogon_ou_builder_tlc2019_35
skip smogon_ou_sharing_p5_006_613: duplicate of smogon_ou_builder_tlc2019_48
skip smogon_ou_sharing_p5_006_614: duplicate of smogon_ou_builder_tlc2019_49
skip smogon_ou_sharing_p5_006_615: duplicate of smogon_ou_sample_033
skip smogon_ou_sharing_p5_006_616: duplicate of smogon_ou_sample_035
skip smogon_ou_sharing_p5_006_617: duplicate of smogon_ou_builder_tlc2019_79
skip smogon_ou_sharing_p5_006_618: duplicate of smogon_ou_builder_tlc2019_90
skip smogon_ou_sharing_p5_006_619: duplicate of smogon_ou_builder_tlc2019_91
skip smogon_ou_sharing_p5_006_620: duplicate of smogon_ou_builder_tlc2019_115
skip smogon_ou_sharing_p5_006_621: duplicate of smogon_ou_builder_tlc2019_1
skip smogon_ou_sharing_p5_006_622: duplicate of smogon_ou_builder_tlc2019_4
skip smogon_ou_sharing_p5_006_623: duplicate of smogon_ou_sample_048
skip smogon_ou_sharing_p5_006_624: duplicate of smogon_ou_builder_tlc2019_46
skip smogon_ou_sharing_p5_006_625: duplicate of smogon_ou_sample_049
skip smogon_ou_sharing_p5_006_626: duplicate of smogon_ou_builder_tlc2019_75
skip smogon_ou_sharing_p5_006_627: duplicate of smogon_ou_builder_tlc2019_76
skip smogon_ou_sharing_p5_006_628: duplicate of smogon_ou_sample_048
skip smogon_ou_sharing_p5_006_629: duplicate of smogon_ou_builder_tlc2019_44
skip smogon_ou_sharing_p5_006_630: duplicate of smogon_ou_builder_tlc2019_76
skip smogon_ou_sharing_p5_006_631: duplicate of smogon_ou_builder_tlc2019_126
skip smogon_ou_sharing_p5_006_632: duplicate of smogon_ou_builder_tlc2019_128
skip smogon_ou_sharing_p5_006_633: duplicate of smogon_ou_builder_tlc2019_130
skip smogon_ou_sharing_p5_006_634: duplicate of smogon_ou_builder_tlc2019_132
skip smogon_ou_sharing_p5_006_635: duplicate of smogon_ou_builder_tlc2019_66
skip smogon_ou_sharing_p5_006_636: duplicate of smogon_ou_builder_tlc2020_41
skip smogon_ou_sharing_p5_006_637: duplicate of smogon_ou_sample_020
skip smogon_ou_sharing_p5_006_638: duplicate of smogon_ou_builder_tlc2019_5
skip smogon_ou_sharing_p5_006_639: duplicate of smogon_ou_builder_tlc2019_7
skip smogon_ou_sharing_p5_006_640: duplicate of smogon_ou_builder_tlc2019_9
skip smogon_ou_sharing_p5_006_641: duplicate of smogon_ou_builder_tlc2020_7
skip smogon_ou_sharing_p5_006_642: duplicate of smogon_ou_sample_051
skip smogon_ou_sharing_p5_006_643: duplicate of smogon_ou_sharing_p5_006_104
skip smogon_ou_sharing_p5_006_644: duplicate of smogon_ou_builder_tlc2019_31
skip smogon_ou_sharing_p5_006_645: duplicate of smogon_ou_builder_tlc2019_38
skip smogon_ou_sharing_p5_006_646: duplicate of smogon_ou_builder_tlc2019_39
skip smogon_ou_sharing_p5_006_647: duplicate of smogon_ou_builder_tlc2019_44
skip smogon_ou_sharing_p5_006_648: duplicate of smogon_ou_builder_tlc2019_45
skip smogon_ou_sharing_p5_006_649: duplicate of smogon_ou_sample_040
skip smogon_ou_sharing_p5_006_650: duplicate of smogon_ou_builder_tlc2020_48
skip smogon_ou_sharing_p5_006_651: duplicate of smogon_ou_builder_tlc2019_55
skip smogon_ou_sharing_p5_006_652: duplicate of smogon_ou_builder_tlc2019_59
skip smogon_ou_sharing_p5_006_653: duplicate of smogon_ou_builder_tlc2019_60
skip smogon_ou_sharing_p5_006_654: duplicate of smogon_ou_builder_tlc2019_61
skip smogon_ou_sharing_p5_006_655: duplicate of smogon_ou_builder_tlc2019_63
skip smogon_ou_sharing_p5_006_656: duplicate of smogon_ou_builder_tlc2019_64
skip smogon_ou_sharing_p5_006_657: duplicate of smogon_ou_builder_tlc2019_68
skip smogon_ou_sharing_p5_006_658: duplicate of smogon_ou_builder_tlc2019_69
skip smogon_ou_sharing_p5_006_659: duplicate of smogon_ou_builder_tlc2019_70
skip smogon_ou_sharing_p5_006_660: duplicate of smogon_ou_builder_tlc2019_71
skip smogon_ou_sharing_p5_006_661: duplicate of smogon_ou_builder_tlc2019_73
skip smogon_ou_sharing_p5_006_662: duplicate of smogon_ou_builder_tlc2019_74
skip smogon_ou_sharing_p5_006_663: duplicate of smogon_ou_sample_036
skip smogon_ou_sharing_p5_006_664: duplicate of smogon_ou_sample_043
skip smogon_ou_sharing_p5_006_665: duplicate of smogon_ou_builder_tlc2019_75
skip smogon_ou_sharing_p5_006_666: duplicate of smogon_ou_builder_tlc2019_91
skip smogon_ou_sharing_p5_006_667: duplicate of smogon_ou_builder_tlc2019_95
skip smogon_ou_sharing_p5_006_668: duplicate of smogon_ou_builder_tlc2019_101
skip smogon_ou_sharing_p5_006_669: duplicate of smogon_ou_builder_tlc2019_104
skip smogon_ou_sharing_p5_006_670: duplicate of smogon_ou_builder_tlc2019_106
skip smogon_ou_sharing_p5_006_671: duplicate of smogon_ou_builder_tlc2019_107
skip smogon_ou_sharing_p5_006_672: duplicate of smogon_ou_builder_tlc2019_108
skip smogon_ou_sharing_p5_006_673: duplicate of smogon_ou_builder_tlc2019_115
skip smogon_ou_sharing_p5_006_674: duplicate of smogon_ou_builder_tlc2020_74
skip smogon_ou_sharing_p5_006_675: duplicate of smogon_ou_builder_tlc2020_75
skip smogon_ou_sharing_p5_006_676: duplicate of smogon_ou_builder_tlc2020_76
skip smogon_ou_sharing_p5_006_677: duplicate of smogon_ou_builder_tlc2020_77
skip smogon_ou_sharing_p5_006_678: duplicate of smogon_ou_builder_tlc2019_128
skip smogon_ou_sharing_p5_006_679: duplicate of smogon_ou_builder_tlc2019_129
skip smogon_ou_sharing_p5_006_680: duplicate of smogon_ou_builder_tlc2019_130
skip smogon_ou_sharing_p5_006_681: duplicate of smogon_ou_builder_tlc2019_131
skip smogon_ou_sharing_p5_006_682: duplicate of smogon_ou_builder_tlc2019_132
skip smogon_ou_sharing_p5_006_683: duplicate of smogon_ou_sample_043
skip smogon_ou_sharing_p5_006_684: duplicate of smogon_ou_builder_tlc2019_134
skip smogon_ou_sharing_p5_006_685: duplicate of smogon_ou_builder_tlc2019_137
skip smogon_ou_sharing_p5_006_686: duplicate of smogon_ou_builder_tlc2019_141
skip smogon_ou_sharing_p5_006_687: duplicate of smogon_ou_builder_tlc2019_143
skip smogon_ou_sharing_p5_006_688: duplicate of smogon_ou_builder_tlc2019_144
skip smogon_ou_sharing_p5_006_689: duplicate of smogon_ou_builder_tlc2019_127
skip smogon_ou_sharing_p5_006_690: duplicate of smogon_ou_builder_tlc2019_23
skip smogon_ou_sharing_p5_006_691: duplicate of smogon_ou_sample_038
skip smogon_ou_sharing_p5_006_692: duplicate of smogon_ou_sample_009
skip smogon_ou_sharing_p5_006_693: duplicate of smogon_ou_sample_039
skip smogon_ou_sharing_p5_006_694: duplicate of smogon_ou_sample_033
skip smogon_ou_sharing_p5_006_695: duplicate of smogon_ou_sample_035
skip smogon_ou_sharing_p5_006_696: duplicate of smogon_ou_builder_tlc2019_76
skip smogon_ou_sharing_p5_006_697: duplicate of smogon_ou_builder_tlc2019_78
skip smogon_ou_sharing_p5_006_698: duplicate of smogon_ou_builder_tlc2019_79
skip smogon_ou_sharing_p5_006_699: duplicate of smogon_ou_builder_tlc2019_80
skip smogon_ou_sharing_p5_006_700: duplicate of smogon_ou_builder_tlc2019_81
skip smogon_ou_sharing_p5_006_701: duplicate of smogon_ou_builder_tlc2019_82
skip smogon_ou_sharing_p5_006_702: duplicate of smogon_ou_builder_tlc2019_83
skip smogon_ou_sharing_p5_006_703: duplicate of smogon_ou_builder_tlc2019_84
skip smogon_ou_sharing_p5_006_704: duplicate of smogon_ou_builder_tlc2019_85
skip smogon_ou_sharing_p5_006_705: duplicate of smogon_ou_builder_tlc2019_86
skip smogon_ou_sharing_p5_006_706: duplicate of smogon_ou_builder_tlc2019_87
skip smogon_ou_sharing_p5_006_707: duplicate of smogon_ou_builder_tlc2019_88
skip smogon_ou_sharing_p5_006_708: duplicate of smogon_ou_builder_tlc2019_89
skip smogon_ou_sharing_p5_006_709: duplicate of smogon_ou_builder_tlc2019_90
skip smogon_ou_sharing_p5_006_710: duplicate of smogon_ou_builder_tlc2019_91
skip smogon_ou_sharing_p5_006_711: duplicate of smogon_ou_builder_tlc2019_92
skip smogon_ou_sharing_p5_006_712: duplicate of smogon_ou_builder_tlc2019_93
skip smogon_ou_sharing_p5_006_713: duplicate of smogon_ou_builder_tlc2019_94
skip smogon_ou_sharing_p5_006_714: duplicate of smogon_ou_builder_tlc2019_95
skip smogon_ou_sharing_p5_006_715: duplicate of smogon_ou_builder_tlc2019_96
skip smogon_ou_sharing_p5_006_716: duplicate of smogon_ou_builder_tlc2019_97
skip smogon_ou_sharing_p5_006_717: duplicate of smogon_ou_builder_tlc2019_98
skip smogon_ou_sharing_p5_006_718: duplicate of smogon_ou_builder_tlc2019_99
skip smogon_ou_sharing_p5_006_719: duplicate of smogon_ou_builder_tlc2019_100
skip smogon_ou_sharing_p5_006_720: duplicate of smogon_ou_builder_tlc2019_101
skip smogon_ou_sharing_p5_006_721: duplicate of smogon_ou_builder_tlc2019_102
skip smogon_ou_sharing_p5_006_722: duplicate of smogon_ou_builder_tlc2019_103
skip smogon_ou_sharing_p5_006_723: duplicate of smogon_ou_sample_034
skip smogon_ou_sharing_p5_006_724: duplicate of smogon_ou_builder_tlc2019_104
skip smogon_ou_sharing_p5_006_725: duplicate of smogon_ou_builder_tlc2019_105
skip smogon_ou_sharing_p5_006_726: duplicate of smogon_ou_builder_tlc2019_106
skip smogon_ou_sharing_p5_006_727: duplicate of smogon_ou_builder_tlc2019_107
skip smogon_ou_sharing_p5_006_728: duplicate of smogon_ou_builder_tlc2019_108
skip smogon_ou_sharing_p5_006_729: duplicate of smogon_ou_builder_tlc2019_109
skip smogon_ou_sharing_p5_006_730: duplicate of smogon_ou_builder_tlc2019_110
skip smogon_ou_sharing_p5_006_731: duplicate of smogon_ou_builder_tlc2019_111
skip smogon_ou_sharing_p5_006_732: duplicate of smogon_ou_builder_tlc2019_112
skip smogon_ou_sharing_p5_006_733: duplicate of smogon_ou_builder_tlc2019_113
skip smogon_ou_sharing_p5_006_734: duplicate of smogon_ou_builder_tlc2019_114
skip smogon_ou_sharing_p5_006_735: duplicate of smogon_ou_builder_tlc2019_115
skip smogon_ou_sharing_p5_006_736: duplicate of smogon_ou_builder_tlc2019_116
skip smogon_ou_sharing_p5_006_737: duplicate of smogon_ou_builder_tlc2020_70
skip smogon_ou_sharing_p5_006_738: duplicate of smogon_ou_builder_tlc2020_71
skip smogon_ou_sharing_p5_006_739: duplicate of smogon_ou_builder_tlc2019_117
skip smogon_ou_sharing_p5_006_740: duplicate of smogon_ou_builder_tlc2020_72
skip smogon_ou_sharing_p5_006_741: duplicate of smogon_ou_builder_tlc2019_118
skip smogon_ou_sharing_p5_006_742: duplicate of smogon_ou_builder_tlc2019_119
skip smogon_ou_sharing_p5_006_743: duplicate of smogon_ou_builder_tlc2019_120
skip smogon_ou_sharing_p5_006_744: duplicate of smogon_ou_builder_tlc2019_121
skip smogon_ou_sharing_p5_006_745: duplicate of smogon_ou_builder_tlc2019_122
skip smogon_ou_sharing_p5_006_746: duplicate of smogon_ou_builder_tlc2019_123
skip smogon_ou_sharing_p5_006_747: duplicate of smogon_ou_sharing_p5_006_93
skip smogon_ou_sharing_p5_006_748: duplicate of smogon_ou_builder_tlc2019_58
skip smogon_ou_sharing_p5_006_749: duplicate of smogon_ou_builder_tlc2019_2
skip smogon_ou_sharing_p5_006_750: duplicate of smogon_ou_builder_tlc2019_3
skip smogon_ou_sharing_p5_006_751: duplicate of smogon_ou_builder_tlc2019_4
skip smogon_ou_sharing_p5_006_752: duplicate of smogon_ou_sample_045
skip smogon_ou_sharing_p5_006_753: duplicate of smogon_ou_builder_tlc2019_124
skip smogon_ou_sharing_p5_006_754: duplicate of smogon_ou_sample_046
skip smogon_ou_sharing_p5_006_755: duplicate of smogon_ou_sample_020
skip smogon_ou_sharing_p5_006_756: duplicate of smogon_ou_builder_tlc2019_6
skip smogon_ou_sharing_p5_006_757: duplicate of smogon_ou_sharing_p5_006_104
skip smogon_ou_sharing_p5_006_758: duplicate of smogon_ou_builder_tlc2019_25
skip smogon_ou_sharing_p5_006_759: duplicate of smogon_ou_builder_tlc2019_26
skip smogon_ou_sharing_p5_006_760: duplicate of smogon_ou_builder_tlc2019_31
skip smogon_ou_sharing_p5_006_761: duplicate of smogon_ou_builder_tlc2019_38
skip smogon_ou_sharing_p5_006_762: duplicate of smogon_ou_builder_tlc2019_39
skip smogon_ou_sharing_p5_006_763: duplicate of smogon_ou_builder_tlc2019_40
skip smogon_ou_sharing_p5_006_764: duplicate of smogon_ou_builder_tlc2019_42
skip smogon_ou_sharing_p5_006_765: duplicate of smogon_ou_builder_tlc2019_43
skip smogon_ou_sharing_p5_006_766: duplicate of smogon_ou_builder_tlc2019_48
skip smogon_ou_sharing_p5_006_767: duplicate of smogon_ou_builder_tlc2019_49
skip smogon_ou_sharing_p5_006_768: duplicate of smogon_ou_builder_tlc2019_51
skip smogon_ou_sharing_p5_006_769: duplicate of smogon_ou_builder_tlc2020_47
skip smogon_ou_sharing_p5_006_770: duplicate of smogon_ou_builder_tlc2020_48
skip smogon_ou_sharing_p5_006_771: duplicate of smogon_ou_builder_tlc2019_57
skip smogon_ou_sharing_p5_006_772: duplicate of smogon_ou_builder_tlc2019_60
skip smogon_ou_sharing_p5_006_773: duplicate of smogon_ou_builder_tlc2019_62
skip smogon_ou_sharing_p5_006_774: duplicate of smogon_ou_builder_tlc2019_63
skip smogon_ou_sharing_p5_006_775: duplicate of smogon_ou_builder_tlc2019_64
skip smogon_ou_sharing_p5_006_776: duplicate of smogon_ou_builder_tlc2019_65
skip smogon_ou_sharing_p5_006_777: duplicate of smogon_ou_builder_tlc2019_66
skip smogon_ou_sharing_p5_006_778: duplicate of smogon_ou_builder_tlc2019_67
skip smogon_ou_sharing_p5_006_779: duplicate of smogon_ou_builder_tlc2019_68
skip smogon_ou_sharing_p5_006_780: duplicate of smogon_ou_builder_tlc2019_69
skip smogon_ou_sharing_p5_006_781: duplicate of smogon_ou_builder_tlc2019_70
skip smogon_ou_sharing_p5_006_782: duplicate of smogon_ou_builder_tlc2019_72
skip smogon_ou_sharing_p5_006_783: duplicate of smogon_ou_builder_tlc2019_73
skip smogon_ou_sharing_p5_006_784: duplicate of smogon_ou_builder_tlc2019_74
skip smogon_ou_sharing_p5_006_785: duplicate of smogon_ou_sample_043
skip smogon_ou_sharing_p5_006_786: duplicate of smogon_ou_builder_tlc2019_109
skip smogon_ou_sharing_p5_006_787: duplicate of smogon_ou_builder_tlc2019_114
skip smogon_ou_sharing_p5_006_788: duplicate of smogon_ou_builder_tlc2019_124
skip smogon_ou_sharing_p5_006_789: duplicate of smogon_ou_builder_tlc2019_126
skip smogon_ou_sharing_p5_006_790: duplicate of smogon_ou_builder_tlc2020_75
skip smogon_ou_sharing_p5_006_791: duplicate of smogon_ou_builder_tlc2020_76
skip smogon_ou_sharing_p5_006_792: duplicate of smogon_ou_builder_tlc2019_129
skip smogon_ou_sharing_p5_006_793: duplicate of smogon_ou_builder_tlc2019_131
skip smogon_ou_sharing_p5_006_794: duplicate of smogon_ou_sample_043
skip smogon_ou_sharing_p5_006_795: duplicate of smogon_ou_builder_tlc2019_134
skip smogon_ou_sharing_p5_006_796: duplicate of smogon_ou_builder_tlc2019_135
skip smogon_ou_sharing_p5_006_797: duplicate of smogon_ou_builder_tlc2019_136
skip smogon_ou_sharing_p5_006_798: duplicate of smogon_ou_builder_tlc2019_137
skip smogon_ou_sharing_p5_006_799: duplicate of smogon_ou_builder_tlc2019_138
skip smogon_ou_sharing_p5_006_800: duplicate of smogon_ou_builder_tlc2019_144
skip smogon_ou_sharing_p5_006_801: duplicate of smogon_ou_builder_tlc2020_48
skip smogon_ou_sharing_p5_006_802: duplicate of smogon_ou_builder_tlc2020_7
skip smogon_ou_sharing_p5_006_803: duplicate of smogon_ou_builder_tlc2020_24
skip smogon_ou_sharing_p5_006_804: duplicate of smogon_ou_builder_tlc2019_31
skip smogon_ou_sharing_p5_006_805: duplicate of smogon_ou_sample_040
skip smogon_ou_sharing_p5_006_806: duplicate of smogon_ou_sample_009
skip smogon_ou_sharing_p5_006_807: duplicate of smogon_ou_builder_tlc2019_85
skip smogon_ou_sharing_p5_006_808: duplicate of smogon_ou_builder_tlc2019_87
skip smogon_ou_sharing_p5_006_809: duplicate of smogon_ou_builder_tlc2019_92
skip smogon_ou_sharing_p5_006_810: duplicate of smogon_ou_builder_tlc2019_101
skip smogon_ou_sharing_p5_006_811: duplicate of smogon_ou_builder_tlc2019_102
skip smogon_ou_sharing_p5_006_812: duplicate of smogon_ou_builder_tlc2019_103
skip smogon_ou_sharing_p5_006_813: duplicate of smogon_ou_builder_tlc2020_75
skip smogon_ou_sharing_p5_006_814: duplicate of smogon_ou_builder_tlc2019_130
skip smogon_ou_sharing_p5_006_815: duplicate of smogon_ou_sharing_p5_006_93
skip smogon_ou_sharing_p5_006_816: duplicate of smogon_ou_sample_041
skip smogon_ou_sharing_p5_006_817: duplicate of smogon_ou_sample_044
skip smogon_ou_sharing_p5_006_818: duplicate of smogon_ou_sample_020
skip smogon_ou_sharing_p5_006_819: duplicate of smogon_ou_builder_tlc2019_5
skip smogon_ou_sharing_p5_006_820: duplicate of smogon_ou_builder_tlc2019_9
skip smogon_ou_sharing_p5_006_821: duplicate of smogon_ou_sample_048
skip smogon_ou_sharing_p5_006_822: duplicate of smogon_ou_sharing_p5_006_104
skip smogon_ou_sharing_p5_006_823: duplicate of smogon_ou_builder_tlc2019_18
skip smogon_ou_sharing_p5_006_824: duplicate of smogon_ou_builder_tlc2019_23
skip smogon_ou_sharing_p5_006_825: duplicate of smogon_ou_builder_tlc2020_28
skip smogon_ou_sharing_p5_006_826: duplicate of smogon_ou_builder_tlc2020_29
skip smogon_ou_sharing_p5_006_827: duplicate of smogon_ou_builder_tlc2019_46
skip smogon_ou_sharing_p5_006_828: duplicate of smogon_ou_builder_tlc2019_47
skip smogon_ou_sharing_p5_006_829: duplicate of smogon_ou_builder_tlc2019_48
skip smogon_ou_sharing_p5_006_830: duplicate of smogon_ou_builder_tlc2019_56
skip smogon_ou_sharing_p5_006_831: duplicate of smogon_ou_builder_tlc2019_59
skip smogon_ou_sharing_p5_006_832: duplicate of smogon_ou_builder_tlc2019_61
skip smogon_ou_sharing_p5_006_833: duplicate of smogon_ou_builder_tlc2019_74
skip smogon_ou_sharing_p5_006_834: duplicate of smogon_ou_builder_tlc2019_76
skip smogon_ou_sharing_p5_006_835: duplicate of smogon_ou_builder_tlc2019_77
skip smogon_ou_sharing_p5_006_836: duplicate of smogon_ou_builder_tlc2019_84
skip smogon_ou_sharing_p5_006_837: duplicate of smogon_ou_builder_tlc2019_93
skip smogon_ou_sharing_p5_006_838: duplicate of smogon_ou_builder_tlc2019_109
skip smogon_ou_sharing_p5_006_839: duplicate of smogon_ou_builder_tlc2019_110
skip smogon_ou_sharing_p5_006_840: duplicate of smogon_ou_builder_tlc2020_70
skip smogon_ou_sharing_p5_006_841: duplicate of smogon_ou_builder_tlc2020_71
skip smogon_ou_sharing_p5_006_842: duplicate of smogon_ou_builder_tlc2019_117
skip smogon_ou_sharing_p5_006_843: duplicate of smogon_ou_builder_tlc2019_118
skip smogon_ou_sharing_p5_006_844: duplicate of smogon_ou_builder_tlc2019_121
skip smogon_ou_sharing_p5_006_845: duplicate of smogon_ou_builder_tlc2019_125
skip smogon_ou_sharing_p5_006_846: duplicate of smogon_ou_builder_tlc2019_127
skip smogon_ou_sharing_p5_006_847: duplicate of smogon_ou_builder_tlc2020_77
skip smogon_ou_sharing_p5_006_848: duplicate of smogon_ou_builder_tlc2019_128
skip smogon_ou_sharing_p5_006_849: duplicate of smogon_ou_builder_tlc2019_135
skip smogon_ou_sharing_p5_006_850: duplicate of smogon_ou_builder_tlc2019_11
skip smogon_ou_sharing_p5_006_851: duplicate of smogon_ou_builder_tlc2019_12
skip smogon_ou_sharing_p5_006_852: duplicate of smogon_ou_builder_tlc2019_13
skip smogon_ou_sharing_p5_006_853: duplicate of smogon_ou_builder_tlc2019_14
skip smogon_ou_sharing_p5_006_854: duplicate of smogon_ou_builder_tlc2019_15
skip smogon_ou_sharing_p5_006_855: duplicate of smogon_ou_builder_tlc2019_16
skip smogon_ou_sharing_p5_006_856: duplicate of smogon_ou_builder_tlc2020_14
skip smogon_ou_sharing_p5_006_857: duplicate of smogon_ou_builder_tlc2019_19
skip smogon_ou_sharing_p5_006_858: duplicate of smogon_ou_builder_tlc2019_21
skip smogon_ou_sharing_p5_006_859: duplicate of smogon_ou_builder_tlc2019_22
skip smogon_ou_sharing_p5_006_860: duplicate of smogon_ou_sample_038
skip smogon_ou_sharing_p5_006_861: duplicate of smogon_ou_builder_tlc2020_24
skip smogon_ou_sharing_p5_006_862: duplicate of smogon_ou_builder_tlc2020_26
skip smogon_ou_sharing_p5_006_863: duplicate of smogon_ou_builder_tlc2020_27
skip smogon_ou_sharing_p5_006_864: duplicate of smogon_ou_builder_tlc2019_27
skip smogon_ou_sharing_p5_006_865: duplicate of smogon_ou_builder_tlc2019_28
skip smogon_ou_sharing_p5_006_866: duplicate of smogon_ou_builder_tlc2019_29
skip smogon_ou_sharing_p5_006_867: duplicate of smogon_ou_builder_tlc2020_34
skip smogon_ou_sharing_p5_006_868: duplicate of smogon_ou_builder_tlc2019_33
skip smogon_ou_sharing_p5_006_869: duplicate of smogon_ou_builder_tlc2019_34
skip smogon_ou_sharing_p5_006_870: duplicate of smogon_ou_builder_tlc2019_35
skip smogon_ou_sharing_p5_006_871: duplicate of smogon_ou_builder_tlc2020_42
skip smogon_ou_sharing_p5_006_872: duplicate of smogon_ou_builder_tlc2019_36
skip smogon_ou_sharing_p5_006_873: duplicate of smogon_ou_builder_tlc2019_37
skip smogon_ou_sharing_p5_006_874: duplicate of smogon_ou_sample_002
skip smogon_ou_sharing_p5_006_875: duplicate of smogon_ou_builder_tlc2019_40
skip smogon_ou_sharing_p5_006_876: duplicate of smogon_ou_builder_tlc2019_44
skip smogon_ou_sharing_p5_006_877: duplicate of smogon_ou_builder_tlc2019_45
skip smogon_ou_sharing_p5_006_878: duplicate of smogon_ou_builder_tlc2019_49
skip smogon_ou_sharing_p5_006_879: duplicate of smogon_ou_builder_tlc2019_51
skip smogon_ou_sharing_p5_006_880: duplicate of smogon_ou_builder_tlc2020_48
skip smogon_ou_sharing_p5_006_881: duplicate of smogon_ou_builder_tlc2019_64
skip smogon_ou_sharing_p5_006_882: duplicate of smogon_ou_builder_tlc2019_65
skip smogon_ou_sharing_p5_006_883: duplicate of smogon_ou_builder_tlc2019_68
skip smogon_ou_sharing_p5_006_884: duplicate of smogon_ou_builder_tlc2019_69
skip smogon_ou_sharing_p5_006_885: duplicate of smogon_ou_builder_tlc2019_74
skip smogon_ou_sharing_p5_006_886: duplicate of smogon_ou_sample_049
skip smogon_ou_sharing_p5_006_887: duplicate of smogon_ou_sample_043
skip smogon_ou_sharing_p5_006_888: duplicate of smogon_ou_sample_035
skip smogon_ou_sharing_p5_006_889: duplicate of smogon_ou_sample_022
skip smogon_ou_sharing_p5_006_890: duplicate of smogon_ou_builder_tlc2019_78
skip smogon_ou_sharing_p5_006_891: duplicate of smogon_ou_builder_tlc2019_80
skip smogon_ou_sharing_p5_006_892: duplicate of smogon_ou_builder_tlc2019_81
skip smogon_ou_sharing_p5_006_893: duplicate of smogon_ou_builder_tlc2019_86
skip smogon_ou_sharing_p5_006_894: duplicate of smogon_ou_builder_tlc2019_87
skip smogon_ou_sharing_p5_006_895: duplicate of smogon_ou_builder_tlc2019_88
skip smogon_ou_sharing_p5_006_896: duplicate of smogon_ou_builder_tlc2019_91
skip smogon_ou_sharing_p5_006_897: duplicate of smogon_ou_builder_tlc2019_92
skip smogon_ou_sharing_p5_006_898: duplicate of smogon_ou_builder_tlc2019_95
skip smogon_ou_sharing_p5_006_899: duplicate of smogon_ou_builder_tlc2019_100
skip smogon_ou_sharing_p5_006_900: duplicate of smogon_ou_builder_tlc2019_103
skip smogon_ou_sharing_p5_006_901: duplicate of smogon_ou_sample_034
skip smogon_ou_sharing_p5_006_902: duplicate of smogon_ou_builder_tlc2019_104
skip smogon_ou_sharing_p5_006_903: duplicate of smogon_ou_builder_tlc2019_106
skip smogon_ou_sharing_p5_006_904: duplicate of smogon_ou_builder_tlc2019_107
skip smogon_ou_sharing_p5_006_905: duplicate of smogon_ou_builder_tlc2019_108
skip smogon_ou_sharing_p5_006_906: duplicate of smogon_ou_builder_tlc2019_113
skip smogon_ou_sharing_p5_006_907: duplicate of smogon_ou_builder_tlc2019_115
skip smogon_ou_sharing_p5_006_908: duplicate of smogon_ou_builder_tlc2019_116
skip smogon_ou_sharing_p5_006_909: duplicate of smogon_ou_builder_tlc2019_119
skip smogon_ou_sharing_p5_006_910: duplicate of smogon_ou_builder_tlc2019_120
skip smogon_ou_sharing_p5_006_911: duplicate of smogon_ou_builder_tlc2019_122
skip smogon_ou_sharing_p5_006_912: duplicate of smogon_ou_builder_tlc2019_123
skip smogon_ou_sharing_p5_006_913: duplicate of smogon_ou_builder_tlc2019_124
skip smogon_ou_sharing_p5_006_914: duplicate of smogon_ou_sample_046
skip smogon_ou_sharing_p5_006_915: duplicate of smogon_ou_builder_tlc2020_76
skip smogon_ou_sharing_p5_006_916: duplicate of smogon_ou_builder_tlc2020_77
skip smogon_ou_sharing_p5_006_917: duplicate of smogon_ou_builder_tlc2019_129
skip smogon_ou_sharing_p5_006_918: duplicate of smogon_ou_builder_tlc2019_130
skip smogon_ou_sharing_p5_006_919: duplicate of smogon_ou_builder_tlc2019_131
skip smogon_ou_sharing_p5_006_920: duplicate of smogon_ou_builder_tlc2019_132
skip smogon_ou_sharing_p5_006_921: duplicate of smogon_ou_sample_043
skip smogon_ou_sharing_p5_006_922: duplicate of smogon_ou_builder_tlc2020_79
skip smogon_ou_sharing_p5_006_923: duplicate of smogon_ou_builder_tlc2019_136
skip smogon_ou_sharing_p5_006_924: duplicate of smogon_ou_builder_tlc2019_137
skip smogon_ou_sharing_p5_006_925: duplicate of smogon_ou_builder_tlc2019_138
skip smogon_ou_sharing_p5_006_926: duplicate of smogon_ou_builder_tlc2019_139
skip smogon_ou_sharing_p5_006_927: duplicate of smogon_ou_builder_tlc2019_140
skip smogon_ou_sharing_p5_006_928: duplicate of smogon_ou_builder_tlc2019_141
skip smogon_ou_sharing_p5_006_929: duplicate of smogon_ou_builder_tlc2019_142
skip smogon_ou_sharing_p5_006_930: duplicate of smogon_ou_builder_tlc2019_143
skip smogon_ou_sharing_p5_006_931: duplicate of smogon_ou_builder_tlc2019_144
skip smogon_ou_sharing_p5_006_932: duplicate of smogon_ou_sharing_p5_006_93
skip smogon_ou_sharing_p5_006_933: duplicate of smogon_ou_sample_044
skip smogon_ou_sharing_p5_006_934: duplicate of smogon_ou_builder_tlc2019_7
skip smogon_ou_sharing_p5_006_935: duplicate of smogon_ou_builder_tlc2019_8
skip smogon_ou_sharing_p5_006_936: duplicate of smogon_ou_sample_051
skip smogon_ou_sharing_p5_006_937: duplicate of smogon_ou_builder_tlc2019_10
skip smogon_ou_sharing_p5_006_938: duplicate of smogon_ou_builder_tlc2019_11
skip smogon_ou_sharing_p5_006_939: duplicate of smogon_ou_builder_tlc2019_12
skip smogon_ou_sharing_p5_006_940: duplicate of smogon_ou_builder_tlc2019_13
skip smogon_ou_sharing_p5_006_941: duplicate of smogon_ou_builder_tlc2019_14
skip smogon_ou_sharing_p5_006_942: duplicate of smogon_ou_builder_tlc2019_17
skip smogon_ou_sharing_p5_006_943: duplicate of smogon_ou_builder_tlc2019_18
skip smogon_ou_sharing_p5_006_944: duplicate of smogon_ou_builder_tlc2019_20
skip smogon_ou_sharing_p5_006_945: duplicate of smogon_ou_builder_tlc2019_21
skip smogon_ou_sharing_p5_006_946: duplicate of smogon_ou_builder_tlc2019_22
skip smogon_ou_sharing_p5_006_947: duplicate of smogon_ou_builder_tlc2019_23
skip smogon_ou_sharing_p5_006_948: duplicate of smogon_ou_sample_038
skip smogon_ou_sharing_p5_006_949: duplicate of smogon_ou_builder_tlc2020_24
skip smogon_ou_sharing_p5_006_950: duplicate of smogon_ou_builder_tlc2020_26
skip smogon_ou_sharing_p5_006_951: duplicate of smogon_ou_builder_tlc2020_27
skip smogon_ou_sharing_p5_006_952: duplicate of smogon_ou_builder_tlc2020_28
skip smogon_ou_sharing_p5_006_953: duplicate of smogon_ou_builder_tlc2019_27
skip smogon_ou_sharing_p5_006_954: duplicate of smogon_ou_builder_tlc2019_28
skip smogon_ou_sharing_p5_006_955: duplicate of smogon_ou_builder_tlc2019_29
skip smogon_ou_sharing_p5_006_956: duplicate of smogon_ou_builder_tlc2019_30
skip smogon_ou_sharing_p5_006_957: duplicate of smogon_ou_builder_tlc2019_32
skip smogon_ou_sharing_p5_006_958: duplicate of smogon_ou_builder_tlc2020_34
skip smogon_ou_sharing_p5_006_959: duplicate of smogon_ou_builder_tlc2019_33
skip smogon_ou_sharing_p5_006_960: duplicate of smogon_ou_builder_tlc2019_34
skip smogon_ou_sharing_p5_006_961: duplicate of smogon_ou_builder_tlc2019_35
skip smogon_ou_sharing_p5_006_962: duplicate of smogon_ou_builder_tlc2020_41
skip smogon_ou_sharing_p5_006_963: duplicate of smogon_ou_builder_tlc2020_42
skip smogon_ou_sharing_p5_006_964: duplicate of smogon_ou_builder_tlc2019_36
skip smogon_ou_sharing_p5_006_965: duplicate of smogon_ou_builder_tlc2019_37
skip smogon_ou_sharing_p5_006_966: duplicate of smogon_ou_sample_002
skip smogon_ou_sharing_p5_006_967: duplicate of smogon_ou_builder_tlc2019_40
skip smogon_ou_sharing_p5_006_968: duplicate of smogon_ou_builder_tlc2019_41
skip smogon_ou_sharing_p5_006_969: duplicate of smogon_ou_builder_tlc2019_42
skip smogon_ou_sharing_p5_006_970: duplicate of smogon_ou_builder_tlc2019_44
skip smogon_ou_sharing_p5_006_971: duplicate of smogon_ou_builder_tlc2019_45
skip smogon_ou_sharing_p5_006_972: duplicate of smogon_ou_builder_tlc2019_46
skip smogon_ou_sharing_p5_006_973: duplicate of smogon_ou_sample_009
skip smogon_ou_sharing_p5_006_974: duplicate of smogon_ou_builder_tlc2019_47
skip smogon_ou_sharing_p5_006_975: duplicate of smogon_ou_builder_tlc2019_51
skip smogon_ou_sharing_p5_006_976: duplicate of smogon_ou_builder_tlc2019_52
skip smogon_ou_sharing_p5_006_977: duplicate of smogon_ou_builder_tlc2019_53
skip smogon_ou_sharing_p5_006_978: duplicate of smogon_ou_builder_tlc2019_54
skip smogon_ou_sharing_p5_006_979: duplicate of smogon_ou_builder_tlc2019_59
skip smogon_ou_sharing_p5_006_980: duplicate of smogon_ou_builder_tlc2019_64
skip smogon_ou_sharing_p5_006_981: duplicate of smogon_ou_builder_tlc2019_65
skip smogon_ou_sharing_p5_006_982: duplicate of smogon_ou_builder_tlc2019_67
skip smogon_ou_sharing_p5_006_983: duplicate of smogon_ou_builder_tlc2019_68
skip smogon_ou_sharing_p5_006_984: duplicate of smogon_ou_builder_tlc2019_74
skip smogon_ou_sharing_p5_006_985: duplicate of smogon_ou_sample_039
skip smogon_ou_sharing_p5_006_986: duplicate of smogon_ou_sample_036
skip smogon_ou_sharing_p5_006_987: duplicate of smogon_ou_sample_043
skip smogon_ou_sharing_p5_006_988: duplicate of smogon_ou_sample_033
skip smogon_ou_sharing_p5_006_989: duplicate of smogon_ou_sample_035
skip smogon_ou_sharing_p5_006_990: duplicate of smogon_ou_sample_022
skip smogon_ou_sharing_p5_006_991: duplicate of smogon_ou_builder_tlc2019_78
skip smogon_ou_sharing_p5_006_992: duplicate of smogon_ou_builder_tlc2019_79
skip smogon_ou_sharing_p5_006_993: duplicate of smogon_ou_builder_tlc2019_80
skip smogon_ou_sharing_p5_006_994: duplicate of smogon_ou_builder_tlc2019_81
skip smogon_ou_sharing_p5_006_995: duplicate of smogon_ou_builder_tlc2019_83
skip smogon_ou_sharing_p5_006_996: duplicate of smogon_ou_builder_tlc2019_84
skip smogon_ou_sharing_p5_006_997: duplicate of smogon_ou_builder_tlc2019_85
skip smogon_ou_sharing_p5_006_998: duplicate of smogon_ou_builder_tlc2019_86
skip smogon_ou_sharing_p5_006_999: duplicate of smogon_ou_builder_tlc2019_87
skip smogon_ou_sharing_p5_006_1000: duplicate of smogon_ou_builder_tlc2019_90
skip smogon_ou_sharing_p5_006_1001: duplicate of smogon_ou_builder_tlc2019_92
skip smogon_ou_sharing_p5_006_1002: duplicate of smogon_ou_builder_tlc2019_99
skip smogon_ou_sharing_p5_006_1003: duplicate of smogon_ou_builder_tlc2019_100
skip smogon_ou_sharing_p5_006_1004: duplicate of smogon_ou_builder_tlc2019_101
skip smogon_ou_sharing_p5_006_1005: duplicate of smogon_ou_builder_tlc2019_102
skip smogon_ou_sharing_p5_006_1006: duplicate of smogon_ou_builder_tlc2019_103
skip smogon_ou_sharing_p5_006_1007: duplicate of smogon_ou_sample_034
skip smogon_ou_sharing_p5_006_1008: duplicate of smogon_ou_builder_tlc2019_105
skip smogon_ou_sharing_p5_006_1009: duplicate of smogon_ou_builder_tlc2019_107
skip smogon_ou_sharing_p5_006_1010: duplicate of smogon_ou_builder_tlc2019_108
skip smogon_ou_sharing_p5_006_1011: duplicate of smogon_ou_builder_tlc2019_110
skip smogon_ou_sharing_p5_006_1012: duplicate of smogon_ou_builder_tlc2019_111
skip smogon_ou_sharing_p5_006_1013: duplicate of smogon_ou_builder_tlc2019_112
skip smogon_ou_sharing_p5_006_1014: duplicate of smogon_ou_builder_tlc2019_113
skip smogon_ou_sharing_p5_006_1015: duplicate of smogon_ou_builder_tlc2019_114
skip smogon_ou_sharing_p5_006_1016: duplicate of smogon_ou_builder_tlc2019_116
skip smogon_ou_sharing_p5_006_1017: duplicate of smogon_ou_builder_tlc2020_70
skip smogon_ou_sharing_p5_006_1018: duplicate of smogon_ou_builder_tlc2020_71
skip smogon_ou_sharing_p5_006_1019: duplicate of smogon_ou_builder_tlc2019_117
skip smogon_ou_sharing_p5_006_1020: duplicate of smogon_ou_builder_tlc2020_72
skip smogon_ou_sharing_p5_006_1021: duplicate of smogon_ou_builder_tlc2019_118
skip smogon_ou_sharing_p5_006_1022: duplicate of smogon_ou_builder_tlc2019_119
skip smogon_ou_sharing_p5_006_1023: duplicate of smogon_ou_builder_tlc2019_120
skip smogon_ou_sharing_p5_006_1024: duplicate of smogon_ou_builder_tlc2019_121
skip smogon_ou_sharing_p5_006_1025: duplicate of smogon_ou_builder_tlc2019_122
skip smogon_ou_sharing_p5_006_1026: duplicate of smogon_ou_builder_tlc2019_123
skip smogon_ou_sharing_p5_006_1027: duplicate of smogon_ou_sample_045
skip smogon_ou_sharing_p5_006_1028: duplicate of smogon_ou_builder_tlc2019_124
skip smogon_ou_sharing_p5_006_1029: duplicate of smogon_ou_sample_046
skip smogon_ou_sharing_p5_006_1030: duplicate of smogon_ou_builder_tlc2019_125
skip smogon_ou_sharing_p5_006_1031: duplicate of smogon_ou_builder_tlc2020_74
skip smogon_ou_sharing_p5_006_1032: duplicate of smogon_ou_builder_tlc2020_77
skip smogon_ou_sharing_p5_006_1033: duplicate of smogon_ou_builder_tlc2019_128
skip smogon_ou_sharing_p5_006_1034: duplicate of smogon_ou_builder_tlc2019_129
skip smogon_ou_sharing_p5_006_1035: duplicate of smogon_ou_builder_tlc2019_130
skip smogon_ou_sharing_p5_006_1036: duplicate of smogon_ou_builder_tlc2019_131
skip smogon_ou_sharing_p5_006_1037: duplicate of smogon_ou_builder_tlc2019_132
skip smogon_ou_sharing_p5_006_1038: duplicate of smogon_ou_sample_043
skip smogon_ou_sharing_p5_006_1039: duplicate of smogon_ou_builder_tlc2020_79
skip smogon_ou_sharing_p5_006_1040: duplicate of smogon_ou_builder_tlc2019_134
skip smogon_ou_sharing_p5_006_1041: duplicate of smogon_ou_builder_tlc2019_135
skip smogon_ou_sharing_p5_006_1042: duplicate of smogon_ou_builder_tlc2019_136
skip smogon_ou_sharing_p5_006_1043: duplicate of smogon_ou_builder_tlc2019_137
skip smogon_ou_sharing_p5_006_1044: duplicate of smogon_ou_builder_tlc2019_138
skip smogon_ou_sharing_p5_006_1045: duplicate of smogon_ou_builder_tlc2019_139
skip smogon_ou_sharing_p5_006_1046: duplicate of smogon_ou_builder_tlc2019_140
skip smogon_ou_sharing_p5_006_1047: duplicate of smogon_ou_builder_tlc2019_141
skip smogon_ou_sharing_p5_006_1048: duplicate of smogon_ou_builder_tlc2019_142
skip smogon_ou_sharing_p5_006_1049: duplicate of smogon_ou_builder_tlc2019_143
skip smogon_ou_sharing_p5_006_1050: duplicate of smogon_ou_builder_tlc2019_144
skip smogon_ou_sharing_p5_006_1051: duplicate of smogon_ou_sharing_p5_006_93
skip smogon_ou_sharing_p5_006_1052: duplicate of smogon_ou_sample_041
skip smogon_ou_sharing_p5_006_1053: duplicate of smogon_ou_sample_044
skip smogon_ou_sharing_p5_006_1054: duplicate of smogon_ou_builder_tlc2019_1
skip smogon_ou_sharing_p5_006_1055: duplicate of smogon_ou_builder_tlc2019_26
skip smogon_ou_sharing_p5_006_1056: duplicate of smogon_ou_builder_tlc2019_31
skip smogon_ou_sharing_p5_006_1057: duplicate of smogon_ou_builder_tlc2019_41
skip smogon_ou_sharing_p5_006_1058: duplicate of smogon_ou_builder_tlc2019_42
skip smogon_ou_sharing_p5_006_1059: duplicate of smogon_ou_builder_tlc2019_109
skip smogon_ou_sharing_p5_006_1060: duplicate of smogon_ou_builder_tlc2019_1
skip smogon_ou_sharing_p5_006_1061: duplicate of smogon_ou_builder_tlc2019_58
skip smogon_ou_sharing_p5_006_1062: duplicate of smogon_ou_builder_tlc2019_60
skip smogon_ou_sharing_p5_006_1063: duplicate of smogon_ou_sample_045
skip smogon_ou_sharing_p5_006_1064: duplicate of smogon_ou_builder_tlc2019_22
skip smogon_ou_sharing_p5_006_1065: duplicate of smogon_ou_builder_tlc2020_26
skip smogon_ou_sharing_p5_006_1066: duplicate of smogon_ou_builder_tlc2020_27
skip smogon_ou_sharing_p5_006_1067: duplicate of smogon_ou_builder_tlc2020_42
skip smogon_ou_sharing_p5_006_1068: duplicate of smogon_ou_builder_tlc2019_116
skip smogon_ou_sharing_p5_006_1069: duplicate of smogon_ou_builder_tlc2020_74
skip smogon_ou_sharing_p5_006_1070: duplicate of smogon_ou_builder_tlc2019_49
skip smogon_ou_sharing_p5_006_1071: duplicate of smogon_ou_builder_tlc2019_1
skip smogon_ou_sharing_p5_006_1072: duplicate of smogon_ou_builder_tlc2019_2
skip smogon_ou_sharing_p5_006_1073: duplicate of smogon_ou_builder_tlc2019_4
skip smogon_ou_sharing_p5_006_1074: duplicate of smogon_ou_builder_tlc2019_8
skip smogon_ou_sharing_p5_006_1075: duplicate of smogon_ou_builder_tlc2019_9
skip smogon_ou_sharing_p5_006_1076: duplicate of smogon_ou_builder_tlc2019_13
skip smogon_ou_sharing_p5_006_1077: duplicate of smogon_ou_builder_tlc2019_14
skip smogon_ou_sharing_p5_006_1078: duplicate of smogon_ou_builder_tlc2019_17
skip smogon_ou_sharing_p5_006_1079: duplicate of smogon_ou_sample_038
skip smogon_ou_sharing_p5_006_1080: duplicate of smogon_ou_builder_tlc2020_26
skip smogon_ou_sharing_p5_006_1081: duplicate of smogon_ou_builder_tlc2020_27
skip smogon_ou_sharing_p5_006_1082: duplicate of smogon_ou_builder_tlc2020_28
skip smogon_ou_sharing_p5_006_1083: duplicate of smogon_ou_builder_tlc2020_29
skip smogon_ou_sharing_p5_006_1084: duplicate of smogon_ou_builder_tlc2019_34
skip smogon_ou_sharing_p5_006_1085: duplicate of smogon_ou_builder_tlc2019_38
skip smogon_ou_sharing_p5_006_1086: duplicate of smogon_ou_builder_tlc2019_40
skip smogon_ou_sharing_p5_006_1087: duplicate of smogon_ou_builder_tlc2019_50
skip smogon_ou_sharing_p5_006_1088: duplicate of smogon_ou_builder_tlc2019_56
skip smogon_ou_sharing_p5_006_1089: duplicate of smogon_ou_builder_tlc2019_57
skip smogon_ou_sharing_p5_006_1090: duplicate of smogon_ou_builder_tlc2019_66
skip smogon_ou_sharing_p5_006_1091: duplicate of smogon_ou_builder_tlc2019_69
skip smogon_ou_sharing_p5_006_1092: duplicate of smogon_ou_sample_049
skip smogon_ou_sharing_p5_006_1093: duplicate of smogon_ou_sample_043
skip smogon_ou_sharing_p5_006_1094: duplicate of smogon_ou_builder_tlc2019_79
skip smogon_ou_sharing_p5_006_1095: duplicate of smogon_ou_builder_tlc2019_81
skip smogon_ou_sharing_p5_006_1096: duplicate of smogon_ou_builder_tlc2019_89
skip smogon_ou_sharing_p5_006_1097: duplicate of smogon_ou_builder_tlc2019_96
skip smogon_ou_sharing_p5_006_1098: duplicate of smogon_ou_builder_tlc2019_97
skip smogon_ou_sharing_p5_006_1099: duplicate of smogon_ou_builder_tlc2019_98
skip smogon_ou_sharing_p5_006_1100: duplicate of smogon_ou_builder_tlc2019_99
skip smogon_ou_sharing_p5_006_1101: duplicate of smogon_ou_builder_tlc2019_117
skip smogon_ou_sharing_p5_006_1102: duplicate of smogon_ou_builder_tlc2019_119
skip smogon_ou_sharing_p5_006_1103: duplicate of smogon_ou_builder_tlc2019_120
skip smogon_ou_sharing_p5_006_1104: duplicate of smogon_ou_builder_tlc2019_124
skip smogon_ou_sharing_p5_006_1105: duplicate of smogon_ou_sample_046
skip smogon_ou_sharing_p5_006_1106: duplicate of smogon_ou_builder_tlc2020_74
skip smogon_ou_sharing_p5_006_1107: duplicate of smogon_ou_builder_tlc2020_76
skip smogon_ou_sharing_p5_006_1108: duplicate of smogon_ou_sample_043
skip smogon_ou_sharing_p5_006_1109: duplicate of smogon_ou_builder_tlc2020_79
skip smogon_ou_sharing_p5_006_1110: duplicate of smogon_ou_builder_tlc2019_134
skip smogon_ou_sharing_p5_006_1111: duplicate of smogon_ou_builder_tlc2019_135
skip smogon_ou_sharing_p5_006_1112: duplicate of smogon_ou_builder_tlc2019_136
skip smogon_ou_sharing_p5_006_1113: duplicate of smogon_ou_builder_tlc2019_137
skip smogon_ou_sharing_p5_006_1114: duplicate of smogon_ou_builder_tlc2019_138
skip smogon_ou_sharing_p5_006_1115: duplicate of smogon_ou_builder_tlc2019_139
skip smogon_ou_sharing_p5_006_1116: duplicate of smogon_ou_builder_tlc2019_140
skip smogon_ou_sharing_p5_006_1117: duplicate of smogon_ou_builder_tlc2019_141
skip smogon_ou_sharing_p5_006_1118: duplicate of smogon_ou_builder_tlc2019_142
skip smogon_ou_sharing_p5_006_1119: duplicate of smogon_ou_builder_tlc2019_143
skip smogon_ou_sharing_p5_006_1120: duplicate of smogon_ou_builder_tlc2019_144
skip smogon_ou_sharing_p5_006_1121: duplicate of smogon_ou_sample_041
skip smogon_ou_sharing_p5_006_1122: duplicate of smogon_ou_sample_044
skip smogon_ou_sharing_p5_007_23 (b779083cc58c2f87.txt): unresolved move 'Swords Dance/Focus Punch'
skip smogon_ou_sharing_p5_007_53 (b779083cc58c2f87.txt): unresolved move 'Earthquake/Focus Punch'
skip smogon_ou_sharing_p5_007_54 (b779083cc58c2f87.txt): unresolved move 'Earthquake/Shadowball'
skip smogon_ou_sharing_p5_007_65 (b779083cc58c2f87.txt): unresolved move 'Fire Blast/Ice Beam'
skip smogon_ou_sharing_p5_007_74 (b779083cc58c2f87.txt): unresolved move 'Baton Pass/Agility'
skip smogon_ou_builder_l3w_13: duplicate of smogon_ou_sharing_p5_029
skip smogon_ou_builder_l3w_20: duplicate of smogon_ou_sharing_p5_026
skip smogon_ou_builder_l3w_22: duplicate of smogon_ou_sharing_p5_030
skip smogon_ou_builder_l3w_32: duplicate of smogon_ou_sharing_p5_025
skip smogon_ou_builder_l3w_38: duplicate of smogon_ou_sharing_p5_028
skip smogon_ou_builder_l3w_42: duplicate of smogon_ou_sharing_p5_027
skip smogon_ou_sharing_p5_033: duplicate of smogon_ou_sample_012
skip smogon_ou_sharing_p5_071_27: duplicate of smogon_ou_sharing_p5_071_19
skip smogon_ou_sharing_p5_078_13: duplicate of smogon_ou_sharing_p5_009
skip smogon_ou_sharing_p6_012_145 (d75f47ad30d08853.txt): unresolved move 'wisp'
skip smogon_ou_sharing_p6_012_170 (d75f47ad30d08853.txt): unresolved species 'Hidden Power [Grass]'
skip smogon_ou_sharing_p6_013_9: duplicate of smogon_ou_sharing_p6_011_4
skip smogon_ou_sharing_p6_013_105: duplicate of smogon_ou_sharing_p6_012_5
skip smogon_ou_sharing_p6_013_111: duplicate of smogon_ou_sharing_p6_012_9
skip smogon_ou_sharing_p6_013_231: duplicate of smogon_ou_sharing_p6_012_117
skip smogon_ou_sharing_p6_013_232: duplicate of smogon_ou_sharing_p6_012_118
skip smogon_ou_sharing_p6_013_235: duplicate of smogon_ou_sharing_p6_012_125
skip smogon_ou_sharing_p6_013_239: duplicate of smogon_ou_sharing_p6_012_128
skip smogon_ou_sharing_p6_013_250: duplicate of smogon_ou_sharing_p6_012_147
skip smogon_ou_sharing_p6_014_42: duplicate of smogon_ou_sharing_p6_013_25
skip smogon_ou_sharing_p6_014_51: duplicate of smogon_ou_sharing_p6_013_31
skip smogon_ou_sharing_p6_014_69: duplicate of smogon_ou_sharing_p6_013_243
skip smogon_ou_sharing_p6_014_80: duplicate of smogon_ou_sharing_p6_013_50
skip smogon_ou_sharing_p6_014_82: duplicate of smogon_ou_sharing_p6_013_49
skip smogon_ou_sharing_p6_014_89: duplicate of smogon_ou_sharing_p6_013_42
skip smogon_ou_sharing_p6_014_116: duplicate of smogon_ou_sharing_p6_013_59
skip smogon_ou_sharing_p6_014_124: duplicate of smogon_ou_sharing_p6_013_98
skip smogon_ou_sharing_p6_014_130: duplicate of smogon_ou_sharing_p6_013_92
skip smogon_ou_sharing_p6_014_131: duplicate of smogon_ou_sharing_p6_013_93
skip smogon_ou_sharing_p6_014_152: duplicate of smogon_ou_sharing_p6_013_103
skip smogon_ou_sharing_p6_014_156: duplicate of smogon_ou_sharing_p6_013_108
skip smogon_ou_sharing_p6_014_194: duplicate of smogon_ou_sharing_p6_013_77
skip smogon_ou_sharing_p6_014_199: duplicate of smogon_ou_sharing_p6_013_174
skip smogon_ou_sharing_p6_014_238: duplicate of smogon_ou_sharing_p6_013_185
skip smogon_ou_sharing_p6_014_242: duplicate of smogon_ou_sharing_p6_013_196
skip smogon_ou_sharing_p6_014_243: duplicate of smogon_ou_sharing_p6_013_197
skip smogon_ou_sharing_p6_014_245: duplicate of smogon_ou_sharing_p6_013_203
skip smogon_ou_sharing_p6_015_37: duplicate of smogon_ou_sharing_p6_014_59
skip smogon_ou_sharing_p6_015_78: duplicate of smogon_ou_sharing_p6_014_123
skip smogon_ou_sharing_p6_015_83: duplicate of smogon_ou_sharing_p6_014_132
skip smogon_ou_sharing_p6_015_159: duplicate of smogon_ou_sharing_p6_014_246
skip smogon_ou_sharing_p6_016_49: duplicate of smogon_ou_sample_027
skip smogon_ou_sharing_p6_016_61: duplicate of smogon_ou_sample_050
skip smogon_ou_sharing_p6_016_63: duplicate of smogon_ou_sample_047
skip smogon_ou_sharing_p6_016_72: duplicate of smogon_ou_builder_l3w_8
skip smogon_ou_sharing_p6_016_77: duplicate of smogon_ou_sharing_p6_016_62
skip smogon_ou_sharing_p6_016_78: duplicate of smogon_ou_sample_044
skip smogon_ou_sharing_p6_016_81: duplicate of smogon_ou_sharing_p5_024_34
skip smogon_ou_sharing_p6_016_83: duplicate of smogon_ou_sharing_p6_016_79
skip smogon_ou_sharing_p6_016_86: duplicate of smogon_ou_sample_047
skip smogon_ou_sharing_p6_016_108: duplicate of smogon_ou_sharing_p6_016_82
skip smogon_ou_sharing_p6_016_110: duplicate of smogon_ou_sharing_p5_006_93
skip smogon_ou_sharing_p6_016_119: duplicate of smogon_ou_sample_043
skip smogon_ou_sharing_p6_016_153: duplicate of smogon_ou_builder_l3w_27
skip smogon_ou_sharing_p6_016_158: duplicate of smogon_ou_sharing_p6_016_116
skip smogon_ou_sharing_p6_016_159: duplicate of smogon_ou_sharing_p6_016_111
skip smogon_ou_sharing_p6_016_162: duplicate of smogon_ou_sharing_p6_016_112
skip smogon_ou_sharing_p6_016_169: duplicate of smogon_ou_sharing_p6_016_163
skip smogon_ou_sharing_p6_016_170: duplicate of smogon_ou_sharing_p6_016_113
skip smogon_ou_sharing_p6_016_171: duplicate of smogon_ou_sharing_p6_016_114
skip smogon_ou_sharing_p6_016_174: duplicate of smogon_ou_sharing_p6_016_115
skip smogon_ou_sharing_p6_016_187: duplicate of smogon_ou_sharing_p4_008
skip smogon_ou_sharing_p6_016_188: duplicate of smogon_ou_sample_009
skip smogon_ou_sharing_p6_016_195: duplicate of smogon_ou_sample_012
skip smogon_ou_sharing_p6_016_196: duplicate of smogon_ou_sharing_p5_107
skip smogon_ou_sharing_p6_016_198: duplicate of smogon_ou_sample_017
skip smogon_ou_sharing_p6_016_200: duplicate of smogon_ou_sharing_p5_052
skip smogon_ou_sharing_p6_016_221: duplicate of smogon_ou_sharing_p6_016_76
skip smogon_ou_sharing_p6_016_224: duplicate of smogon_ou_sharing_p5_039
skip smogon_ou_sharing_p6_016_226: duplicate of smogon_ou_builder_tlc2020_74
skip smogon_ou_sharing_p6_016_234: duplicate of smogon_ou_sharing_p6_016_231
skip smogon_ou_sharing_p6_016_261: duplicate of smogon_ou_sharing_p5_024_24
skip smogon_ou_sharing_p6_016_263: duplicate of smogon_ou_sample_047
skip smogon_ou_sharing_p6_016_264: duplicate of smogon_ou_sharing_p6_016_85
skip smogon_ou_sharing_p6_016_265: duplicate of smogon_ou_sharing_p6_016_87
skip smogon_ou_sharing_p6_016_268: duplicate of smogon_ou_sharing_p6_016_229
skip smogon_ou_sharing_p6_016_269: duplicate of smogon_ou_sample_050
skip smogon_ou_sharing_p6_016_278: duplicate of smogon_ou_sharing_p4_037
skip smogon_ou_sharing_p6_016_282: duplicate of smogon_ou_sharing_p4_032
skip smogon_ou_sharing_p6_016_283: duplicate of smogon_ou_sharing_p4_030
skip smogon_ou_sharing_p6_016_284: duplicate of smogon_ou_sharing_p4_020
skip smogon_ou_sharing_p6_016_285: duplicate of smogon_ou_sharing_p5_044
skip smogon_ou_sharing_p6_016_286: duplicate of smogon_ou_sharing_p5_039
skip smogon_ou_sharing_p6_016_288: duplicate of smogon_ou_sharing_p6_016_168
skip smogon_ou_sharing_p6_016_290: duplicate of smogon_ou_sharing_p5_024_24
skip smogon_ou_sharing_p6_016_291: duplicate of smogon_ou_sharing_p5_093
skip smogon_ou_sharing_p6_016_292: duplicate of smogon_ou_sharing_p5_092
skip smogon_ou_sharing_p6_016_293: duplicate of smogon_ou_sharing_p5_089
skip smogon_ou_sharing_p6_016_294: duplicate of smogon_ou_sharing_p5_090
skip smogon_ou_sharing_p6_016_295: duplicate of smogon_ou_builder_tlc2020_67
skip smogon_ou_sharing_p6_016_297: duplicate of smogon_ou_builder_tlc2020_39
skip smogon_ou_sharing_p6_016_298: duplicate of smogon_ou_builder_tlc2020_40
skip smogon_ou_sharing_p6_016_299: duplicate of smogon_ou_builder_tlc2020_41
skip smogon_ou_sharing_p6_016_310: duplicate of smogon_ou_sharing_p5_024_13
skip smogon_ou_sharing_p6_016_313: duplicate of smogon_ou_sharing_p4_027
skip smogon_ou_sharing_p6_016_314: duplicate of smogon_ou_sharing_p6_011_147
skip smogon_ou_sharing_p6_016_316: duplicate of smogon_ou_sharing_p6_016_272
skip smogon_ou_sharing_p6_016_320: duplicate of smogon_ou_builder_tlc2019_55
skip smogon_ou_sharing_p6_016_321: duplicate of smogon_ou_builder_tlc2019_60
skip smogon_ou_sharing_p6_016_322: duplicate of smogon_ou_builder_tlc2019_61
skip smogon_ou_sharing_p6_016_323: duplicate of smogon_ou_builder_tlc2019_62
skip smogon_ou_sharing_p6_016_326: duplicate of smogon_ou_builder_tlc2019_85
skip smogon_ou_sharing_p6_016_327: duplicate of smogon_ou_builder_tlc2019_44
skip smogon_ou_sharing_p6_016_328: duplicate of smogon_ou_builder_tlc2019_39
skip smogon_ou_sharing_p6_016_329: duplicate of smogon_ou_builder_tlc2019_31
skip smogon_ou_sharing_p6_016_330: duplicate of smogon_ou_builder_tlc2020_55
skip smogon_ou_sharing_p6_016_332: duplicate of smogon_ou_builder_tlc2019_58
skip smogon_ou_sharing_p6_016_338: duplicate of smogon_ou_sharing_p5_071_13
skip smogon_ou_sharing_p6_016_339: duplicate of smogon_ou_sharing_p5_071_6
skip smogon_ou_sharing_p6_016_340: duplicate of smogon_ou_sharing_p5_071_5
skip smogon_ou_sharing_p6_016_341: duplicate of smogon_ou_sharing_p5_027
skip smogon_ou_sharing_p6_016_342: duplicate of smogon_ou_sharing_p5_026
skip smogon_ou_sharing_p6_016_343: duplicate of smogon_ou_sharing_p5_025
skip smogon_ou_sharing_p6_016_344: duplicate of smogon_ou_sharing_p5_015
skip smogon_ou_sharing_p6_016_348: duplicate of smogon_ou_sharing_p6_002
skip smogon_ou_sharing_p6_016_349: duplicate of smogon_ou_sharing_p6_003
skip smogon_ou_sharing_p6_016_350: duplicate of smogon_ou_sharing_p6_004
skip smogon_ou_sharing_p6_016_351: duplicate of smogon_ou_sharing_p6_005
skip smogon_ou_sharing_p6_016_352: duplicate of smogon_ou_sharing_p6_008
skip smogon_ou_sharing_p6_016_353: duplicate of smogon_ou_sharing_p6_009
skip smogon_ou_sharing_p6_016_355: duplicate of smogon_ou_sharing_p5_005
skip smogon_ou_sharing_p6_016_361: duplicate of smogon_ou_sample_044
skip smogon_ou_sharing_p6_016_366: duplicate of smogon_ou_sharing_p6_016_104
skip smogon_ou_sharing_p6_016_373: duplicate of smogon_ou_sharing_p6_016_131
skip smogon_ou_sharing_p6_016_380: duplicate of smogon_ou_sharing_p5_004
skip smogon_ou_sharing_p6_016_387: duplicate of smogon_ou_sharing_p6_016_105
skip smogon_ou_sharing_p6_016_391: duplicate of smogon_ou_sharing_p5_050
skip smogon_ou_sharing_p6_016_411: duplicate of smogon_ou_sharing_p5_004
skip smogon_ou_sharing_p6_016_413: duplicate of smogon_ou_sharing_p6_016_160
skip smogon_ou_sharing_p6_016_414: duplicate of smogon_ou_sharing_p6_016_173
skip smogon_ou_sharing_p6_016_416: duplicate of smogon_ou_sample_008
skip smogon_ou_sharing_p6_016_418: duplicate of smogon_ou_sharing_p6_016_172
skip smogon_ou_sharing_p6_016_423: duplicate of smogon_ou_sharing_p6_016_150
skip smogon_ou_sharing_p6_016_430: duplicate of smogon_ou_sharing_p6_016_392
skip smogon_ou_sharing_p6_016_431: duplicate of smogon_ou_sharing_p5_115
skip smogon_ou_sharing_p6_016_432: duplicate of smogon_ou_sharing_p6_016_8
skip smogon_ou_sharing_p6_016_433: duplicate of smogon_ou_sharing_p6_016_151
skip smogon_ou_sharing_p6_016_436: duplicate of smogon_ou_sharing_p6_011_38
skip smogon_ou_sharing_p6_016_437: duplicate of smogon_ou_sharing_p6_012_55
skip smogon_ou_sharing_p6_016_438: duplicate of smogon_ou_sharing_p6_012_38
skip smogon_ou_sharing_p6_016_439: duplicate of smogon_ou_sharing_p6_012_37
skip smogon_ou_sharing_p6_016_440: duplicate of smogon_ou_sharing_p6_012_29
skip smogon_ou_sharing_p6_016_441: duplicate of smogon_ou_sharing_p6_012_23
skip smogon_ou_sharing_p6_016_442: duplicate of smogon_ou_sharing_p6_012_15
skip smogon_ou_sharing_p6_016_443: duplicate of smogon_ou_sharing_p6_012_10
skip smogon_ou_sharing_p6_016_444: duplicate of smogon_ou_sharing_p6_012_4
skip smogon_ou_sharing_p6_016_445: duplicate of smogon_ou_sharing_p6_012_2
skip smogon_ou_sharing_p6_016_446: duplicate of smogon_ou_sharing_p6_011_195
skip smogon_ou_sharing_p6_016_447: duplicate of smogon_ou_sharing_p6_011_88
skip smogon_ou_sharing_p6_016_448: duplicate of smogon_ou_sharing_p6_011_49
skip smogon_ou_sharing_p6_016_449: duplicate of smogon_ou_sharing_p6_011_1
skip smogon_ou_sharing_p6_016_456: duplicate of smogon_ou_sharing_p6_016_201
skip smogon_ou_sharing_p6_016_458: duplicate of smogon_ou_sharing_p5_071_14
skip smogon_ou_sharing_p6_016_462: duplicate of smogon_ou_sharing_p5_004
skip smogon_ou_sharing_p6_016_463: duplicate of smogon_ou_sharing_p6_016_113
skip smogon_ou_sharing_p6_016_464: duplicate of smogon_ou_sharing_p6_016_114
skip smogon_ou_sharing_p6_016_465: duplicate of smogon_ou_sharing_p6_016_173
skip smogon_ou_sharing_p6_016_466: duplicate of smogon_ou_sharing_p6_016_115
skip smogon_ou_sharing_p6_016_467: duplicate of smogon_ou_sharing_p6_016_116
skip smogon_ou_sharing_p6_016_468: duplicate of smogon_ou_sharing_p6_016_415
skip smogon_ou_sharing_p6_016_469: duplicate of smogon_ou_sample_008
skip smogon_ou_sharing_p6_016_470: duplicate of smogon_ou_sharing_p6_016_417
skip smogon_ou_sharing_p6_016_471: duplicate of smogon_ou_sharing_p6_016_62
skip smogon_ou_sharing_p6_016_472: duplicate of smogon_ou_sharing_p6_016_172
skip smogon_ou_sharing_p6_016_473: duplicate of smogon_ou_sharing_p6_016_419
skip smogon_ou_sharing_p6_016_474: duplicate of smogon_ou_sharing_p6_016_420
skip smogon_ou_sharing_p6_016_475: duplicate of smogon_ou_sharing_p6_016_184
skip smogon_ou_sharing_p6_016_476: duplicate of smogon_ou_sharing_p6_016_422
skip smogon_ou_sharing_p6_016_479: duplicate of smogon_ou_sharing_p6_016_425
skip smogon_ou_sharing_p6_016_480: duplicate of smogon_ou_sharing_p6_016_426
skip smogon_ou_sharing_p6_016_481: duplicate of smogon_ou_sharing_p6_016_427
skip smogon_ou_sharing_p6_016_482: duplicate of smogon_ou_sharing_p6_016_428
skip smogon_ou_sharing_p6_016_483: duplicate of smogon_ou_sharing_p6_016_429
skip smogon_ou_sharing_p6_016_484: duplicate of smogon_ou_sharing_p6_016_392
skip smogon_ou_sharing_p6_016_485: duplicate of smogon_ou_sharing_p5_115
skip smogon_ou_sharing_p6_016_486: duplicate of smogon_ou_sharing_p6_016_8
skip smogon_ou_sharing_p6_016_487: duplicate of smogon_ou_sharing_p6_016_151
skip smogon_ou_sharing_p6_016_488: duplicate of smogon_ou_sharing_p6_016_434
skip smogon_ou_sharing_p6_016_489: duplicate of smogon_ou_sharing_p6_011_40
skip smogon_ou_sharing_p6_016_490: duplicate of smogon_ou_sharing_p6_011_38
skip smogon_ou_sharing_p6_016_491: duplicate of smogon_ou_sharing_p6_012_55
skip smogon_ou_sharing_p6_016_492: duplicate of smogon_ou_sharing_p6_012_38
skip smogon_ou_sharing_p6_016_493: duplicate of smogon_ou_sharing_p6_012_37
skip smogon_ou_sharing_p6_016_494: duplicate of smogon_ou_sharing_p6_012_29
skip smogon_ou_sharing_p6_016_495: duplicate of smogon_ou_sharing_p6_012_23
skip smogon_ou_sharing_p6_016_496: duplicate of smogon_ou_sharing_p6_012_15
skip smogon_ou_sharing_p6_016_497: duplicate of smogon_ou_sharing_p6_012_10
skip smogon_ou_sharing_p6_016_498: duplicate of smogon_ou_sharing_p6_012_4
skip smogon_ou_sharing_p6_016_499: duplicate of smogon_ou_sharing_p6_012_2
skip smogon_ou_sharing_p6_016_500: duplicate of smogon_ou_sharing_p6_011_195
skip smogon_ou_sharing_p6_016_501: duplicate of smogon_ou_sharing_p6_011_88
skip smogon_ou_sharing_p6_016_502: duplicate of smogon_ou_sharing_p6_011_49
skip smogon_ou_sharing_p6_016_503: duplicate of smogon_ou_sharing_p6_011_1
skip smogon_ou_sharing_p6_016_504: duplicate of smogon_ou_sharing_p6_016_450
skip smogon_ou_sharing_p6_016_505: duplicate of smogon_ou_sharing_p6_016_451
skip smogon_ou_sharing_p6_016_506: duplicate of smogon_ou_sharing_p6_016_452
skip smogon_ou_sharing_p6_016_507: duplicate of smogon_ou_sharing_p6_016_453
skip smogon_ou_sharing_p6_016_508: duplicate of smogon_ou_sharing_p6_016_454
skip smogon_ou_sharing_p6_016_509: duplicate of smogon_ou_sharing_p6_016_455
skip smogon_ou_sharing_p6_016_510: duplicate of smogon_ou_sharing_p6_016_201
skip smogon_ou_sharing_p6_016_511: duplicate of smogon_ou_sharing_p6_016_457
skip smogon_ou_sharing_p6_016_512: duplicate of smogon_ou_sharing_p5_071_14
skip smogon_ou_sharing_p6_016_514: duplicate of smogon_ou_sharing_p6_016_74
skip smogon_ou_sharing_p6_016_520: duplicate of smogon_ou_sharing_p6_016_134
skip smogon_ou_sharing_p6_016_542: duplicate of smogon_ou_sharing_p6_016_74
skip smogon_ou_sharing_p6_016_543: duplicate of smogon_ou_sharing_p6_016_515
skip smogon_ou_sharing_p6_016_544: duplicate of smogon_ou_sharing_p6_016_516
skip smogon_ou_sharing_p6_016_545: duplicate of smogon_ou_sharing_p6_016_517
skip smogon_ou_sharing_p6_016_546: duplicate of smogon_ou_sharing_p6_016_518
skip smogon_ou_sharing_p6_016_547: duplicate of smogon_ou_sharing_p6_016_519
skip smogon_ou_sharing_p6_016_548: duplicate of smogon_ou_sharing_p6_016_134
skip smogon_ou_sharing_p6_016_549: duplicate of smogon_ou_sharing_p6_016_521
skip smogon_ou_sharing_p6_016_550: duplicate of smogon_ou_sharing_p6_016_522
skip smogon_ou_sharing_p6_016_551: duplicate of smogon_ou_sharing_p6_016_523
skip smogon_ou_sharing_p6_016_552: duplicate of smogon_ou_sharing_p6_016_524
skip smogon_ou_sharing_p6_016_553: duplicate of smogon_ou_sharing_p6_016_525
skip smogon_ou_sharing_p6_016_554: duplicate of smogon_ou_sharing_p6_016_526
skip smogon_ou_sharing_p6_016_555: duplicate of smogon_ou_sharing_p6_016_527
skip smogon_ou_sharing_p6_016_556: duplicate of smogon_ou_sharing_p6_016_528
skip smogon_ou_sharing_p6_016_557: duplicate of smogon_ou_sharing_p6_016_529
skip smogon_ou_sharing_p6_016_558: duplicate of smogon_ou_sharing_p6_016_530
skip smogon_ou_sharing_p6_016_559: duplicate of smogon_ou_sharing_p6_016_531
skip smogon_ou_sharing_p6_016_560: duplicate of smogon_ou_sharing_p6_016_532
skip smogon_ou_sharing_p6_016_561: duplicate of smogon_ou_sharing_p6_016_533
skip smogon_ou_sharing_p6_016_562: duplicate of smogon_ou_sharing_p6_016_534
skip smogon_ou_sharing_p6_016_563: duplicate of smogon_ou_sharing_p6_016_535
skip smogon_ou_sharing_p6_016_564: duplicate of smogon_ou_sharing_p6_016_536
skip smogon_ou_sharing_p6_016_565: duplicate of smogon_ou_sharing_p6_016_537
skip smogon_ou_sharing_p6_016_566: duplicate of smogon_ou_sharing_p6_016_538
skip smogon_ou_sharing_p6_016_567: duplicate of smogon_ou_sharing_p6_016_539
skip smogon_ou_sharing_p6_016_568: duplicate of smogon_ou_sharing_p6_016_540
skip smogon_ou_sharing_p6_016_569: duplicate of smogon_ou_sharing_p6_016_541
skip smogon_ou_sharing_p6_016_570: duplicate of smogon_ou_builder_tlc2019_44
skip smogon_ou_sharing_p6_016_571: duplicate of smogon_ou_builder_tlc2019_45
skip smogon_ou_sharing_p6_016_572: duplicate of smogon_ou_builder_tlc2019_46
skip smogon_ou_sharing_p6_016_573: duplicate of smogon_ou_builder_tlc2019_47
skip smogon_ou_sharing_p6_016_574: duplicate of smogon_ou_builder_tlc2019_48
skip smogon_ou_sharing_p6_016_575: duplicate of smogon_ou_builder_tlc2019_49
skip smogon_ou_sharing_p6_016_576: duplicate of smogon_ou_builder_tlc2019_50
skip smogon_ou_sharing_p6_016_577: duplicate of smogon_ou_builder_tlc2019_52
skip smogon_ou_sharing_p6_016_578: duplicate of smogon_ou_builder_tlc2019_53
skip smogon_ou_sharing_p6_016_579: duplicate of smogon_ou_builder_tlc2019_54
skip smogon_ou_sharing_p6_016_580: duplicate of smogon_ou_builder_tlc2019_55
skip smogon_ou_sharing_p6_016_581: duplicate of smogon_ou_builder_tlc2019_56
skip smogon_ou_sharing_p6_016_582: duplicate of smogon_ou_builder_tlc2019_57
skip smogon_ou_sharing_p6_016_583: duplicate of smogon_ou_builder_tlc2019_58
skip smogon_ou_sharing_p6_016_584: duplicate of smogon_ou_builder_tlc2019_59
skip smogon_ou_sharing_p6_016_585: duplicate of smogon_ou_builder_tlc2019_60
skip smogon_ou_sharing_p6_016_586: duplicate of smogon_ou_builder_tlc2019_61
skip smogon_ou_sharing_p6_016_587: duplicate of smogon_ou_builder_tlc2019_63
skip smogon_ou_sharing_p6_016_588: duplicate of smogon_ou_builder_tlc2019_64
skip smogon_ou_sharing_p6_016_589: duplicate of smogon_ou_builder_tlc2019_65
skip smogon_ou_sharing_p6_016_590: duplicate of smogon_ou_builder_tlc2019_66
skip smogon_ou_sharing_p6_016_591: duplicate of smogon_ou_builder_tlc2019_67
skip smogon_ou_sharing_p6_016_592: duplicate of smogon_ou_builder_tlc2019_68
skip smogon_ou_sharing_p6_016_593: duplicate of smogon_ou_builder_tlc2019_69
skip smogon_ou_sharing_p6_016_594: duplicate of smogon_ou_builder_tlc2019_70
skip smogon_ou_sharing_p6_016_595: duplicate of smogon_ou_builder_tlc2019_71
skip smogon_ou_sharing_p6_016_596: duplicate of smogon_ou_builder_tlc2019_72
skip smogon_ou_sharing_p6_016_597: duplicate of smogon_ou_builder_tlc2019_73
skip smogon_ou_sharing_p6_016_598: duplicate of smogon_ou_builder_tlc2019_75
skip smogon_ou_sharing_p6_016_599: duplicate of smogon_ou_builder_tlc2019_76
skip smogon_ou_sharing_p6_016_600: duplicate of smogon_ou_builder_tlc2019_77
skip smogon_ou_sharing_p6_016_601: duplicate of smogon_ou_builder_tlc2019_78
skip smogon_ou_sharing_p6_016_602: duplicate of smogon_ou_builder_tlc2019_79
skip smogon_ou_sharing_p6_016_603: duplicate of smogon_ou_builder_tlc2019_80
skip smogon_ou_sharing_p6_016_604: duplicate of smogon_ou_builder_tlc2019_81
skip smogon_ou_sharing_p6_016_605: duplicate of smogon_ou_builder_tlc2019_84
skip smogon_ou_sharing_p6_016_606: duplicate of smogon_ou_builder_tlc2019_85
skip smogon_ou_sharing_p6_016_607: duplicate of smogon_ou_builder_tlc2019_86
skip smogon_ou_sharing_p6_016_608: duplicate of smogon_ou_builder_tlc2019_87
skip smogon_ou_sharing_p6_016_609: duplicate of smogon_ou_builder_tlc2019_88
skip smogon_ou_sharing_p6_016_610: duplicate of smogon_ou_builder_tlc2019_89
skip smogon_ou_sharing_p6_016_611: duplicate of smogon_ou_builder_tlc2019_90
skip smogon_ou_sharing_p6_016_612: duplicate of smogon_ou_builder_tlc2019_91
skip smogon_ou_sharing_p6_016_613: duplicate of smogon_ou_builder_tlc2019_92
skip smogon_ou_sharing_p6_016_614: duplicate of smogon_ou_builder_tlc2019_93
skip smogon_ou_sharing_p6_016_616: duplicate of smogon_ou_builder_tlc2019_95
skip smogon_ou_sharing_p6_016_617: duplicate of smogon_ou_builder_tlc2019_96
skip smogon_ou_sharing_p6_016_618: duplicate of smogon_ou_builder_tlc2019_97
skip smogon_ou_sharing_p6_016_619: duplicate of smogon_ou_builder_tlc2019_98
skip smogon_ou_sharing_p6_016_620: duplicate of smogon_ou_builder_tlc2019_99
skip smogon_ou_sharing_p6_016_621: duplicate of smogon_ou_builder_tlc2019_100
skip smogon_ou_sharing_p6_016_622: duplicate of smogon_ou_builder_tlc2019_101
skip smogon_ou_sharing_p6_016_623: duplicate of smogon_ou_builder_tlc2019_102
skip smogon_ou_sharing_p6_016_624: duplicate of smogon_ou_builder_tlc2019_103
skip smogon_ou_sharing_p6_016_625: duplicate of smogon_ou_builder_tlc2019_104
skip smogon_ou_sharing_p6_016_626: duplicate of smogon_ou_builder_tlc2019_106
skip smogon_ou_sharing_p6_016_627: duplicate of smogon_ou_builder_tlc2019_107
skip smogon_ou_sharing_p6_016_628: duplicate of smogon_ou_builder_tlc2019_108
skip smogon_ou_sharing_p6_016_629: duplicate of smogon_ou_builder_tlc2019_109
skip smogon_ou_sharing_p6_016_630: duplicate of smogon_ou_builder_tlc2019_110
skip smogon_ou_sharing_p6_016_631: duplicate of smogon_ou_builder_tlc2019_111
skip smogon_ou_sharing_p6_016_632: duplicate of smogon_ou_builder_tlc2019_112
skip smogon_ou_sharing_p6_016_633: duplicate of smogon_ou_builder_tlc2019_113
skip smogon_ou_sharing_p6_016_634: duplicate of smogon_ou_builder_tlc2019_114
skip smogon_ou_sharing_p6_016_635: duplicate of smogon_ou_builder_tlc2019_115
skip smogon_ou_sharing_p6_016_636: duplicate of smogon_ou_builder_tlc2019_116
skip smogon_ou_sharing_p6_016_637: duplicate of smogon_ou_builder_tlc2019_117
skip smogon_ou_sharing_p6_016_638: duplicate of smogon_ou_builder_tlc2019_118
skip smogon_ou_sharing_p6_016_639: duplicate of smogon_ou_builder_tlc2019_119
skip smogon_ou_sharing_p6_016_640: duplicate of smogon_ou_builder_tlc2019_120
skip smogon_ou_sharing_p6_016_641: duplicate of smogon_ou_builder_tlc2019_121
skip smogon_ou_sharing_p6_016_643: duplicate of smogon_ou_builder_tlc2019_123
skip smogon_ou_sharing_p6_016_644: duplicate of smogon_ou_builder_tlc2019_124
skip smogon_ou_sharing_p6_016_645: duplicate of smogon_ou_builder_tlc2019_125
skip smogon_ou_sharing_p6_016_646: duplicate of smogon_ou_builder_tlc2019_126
skip smogon_ou_sharing_p6_016_647: duplicate of smogon_ou_builder_tlc2019_128
skip smogon_ou_sharing_p6_016_648: duplicate of smogon_ou_builder_tlc2019_129
skip smogon_ou_sharing_p6_016_649: duplicate of smogon_ou_builder_tlc2019_130
skip smogon_ou_sharing_p6_016_650: duplicate of smogon_ou_builder_tlc2019_131
skip smogon_ou_sharing_p6_016_651: duplicate of smogon_ou_builder_tlc2019_132
skip smogon_ou_sharing_p6_016_652: duplicate of smogon_ou_sample_043
skip smogon_ou_sharing_p6_016_653: duplicate of smogon_ou_builder_tlc2019_134
skip smogon_ou_sharing_p6_016_654: duplicate of smogon_ou_builder_tlc2019_135
skip smogon_ou_sharing_p6_016_655: duplicate of smogon_ou_builder_tlc2019_136
skip smogon_ou_sharing_p6_016_656: duplicate of smogon_ou_builder_tlc2019_137
skip smogon_ou_sharing_p6_016_657: duplicate of smogon_ou_builder_tlc2019_138
skip smogon_ou_sharing_p6_016_658: duplicate of smogon_ou_builder_tlc2019_139
skip smogon_ou_sharing_p6_016_659: duplicate of smogon_ou_builder_tlc2019_140
skip smogon_ou_sharing_p6_016_660: duplicate of smogon_ou_builder_tlc2019_141
skip smogon_ou_sharing_p6_016_661: duplicate of smogon_ou_builder_tlc2019_142
skip smogon_ou_sharing_p6_016_662: duplicate of smogon_ou_builder_tlc2019_143
skip smogon_ou_sharing_p6_016_663: duplicate of smogon_ou_builder_tlc2019_144
skip smogon_ou_sharing_p6_016_664: duplicate of smogon_ou_builder_ibidem2017_1
skip smogon_ou_sharing_p6_016_665: duplicate of smogon_ou_builder_ibidem2017_2
skip smogon_ou_sharing_p6_016_666: duplicate of smogon_ou_builder_ibidem2017_3
skip smogon_ou_sharing_p6_016_667: duplicate of smogon_ou_builder_ibidem2017_4
skip smogon_ou_sharing_p6_016_668: duplicate of smogon_ou_builder_ibidem2017_5
skip smogon_ou_sharing_p6_016_669: duplicate of smogon_ou_builder_ibidem2017_6
skip smogon_ou_sharing_p6_016_670: duplicate of smogon_ou_builder_ibidem2017_7
skip smogon_ou_sharing_p6_016_671: duplicate of smogon_ou_builder_ibidem2017_8
skip smogon_ou_sharing_p6_016_672: duplicate of smogon_ou_builder_ibidem2017_9
skip smogon_ou_sharing_p6_016_673: duplicate of smogon_ou_builder_ibidem2017_10
skip smogon_ou_sharing_p6_016_674: duplicate of smogon_ou_builder_ibidem2017_11
skip smogon_ou_sharing_p6_016_675: duplicate of smogon_ou_builder_ibidem2017_12
skip smogon_ou_sharing_p6_016_676: duplicate of smogon_ou_builder_ibidem2017_13
skip smogon_ou_sharing_p6_016_677: duplicate of smogon_ou_builder_ibidem2017_14
skip smogon_ou_sharing_p6_016_678: duplicate of smogon_ou_builder_ibidem2017_15
skip smogon_ou_sharing_p6_016_679: duplicate of smogon_ou_builder_ibidem2017_16
skip smogon_ou_sharing_p6_016_680: duplicate of smogon_ou_builder_ibidem2017_17
skip smogon_ou_sharing_p6_016_681: duplicate of smogon_ou_builder_ibidem2017_18
skip smogon_ou_sharing_p6_016_684: duplicate of smogon_ou_builder_ibidem2017_21
skip smogon_ou_sharing_p6_016_685: duplicate of smogon_ou_builder_ibidem2017_22
skip smogon_ou_sharing_p6_016_686: duplicate of smogon_ou_builder_ibidem2017_23
skip smogon_ou_sharing_p6_016_687: duplicate of smogon_ou_builder_ibidem2017_24
skip smogon_ou_sharing_p6_016_688: duplicate of smogon_ou_builder_ibidem2017_25
skip smogon_ou_sharing_p6_016_689: duplicate of smogon_ou_builder_ibidem2017_26
skip smogon_ou_sharing_p6_016_690: duplicate of smogon_ou_builder_ibidem2017_27
skip smogon_ou_sharing_p6_016_691: duplicate of smogon_ou_builder_ibidem2017_28
skip smogon_ou_sharing_p6_016_692: duplicate of smogon_ou_builder_ibidem2017_29
skip smogon_ou_sharing_p6_016_693: duplicate of smogon_ou_builder_ibidem2017_30
skip smogon_ou_sharing_p6_016_694: duplicate of smogon_ou_builder_ibidem2017_31
skip smogon_ou_sharing_p6_016_695: duplicate of smogon_ou_builder_ibidem2017_32
skip smogon_ou_sharing_p6_016_696: duplicate of smogon_ou_builder_ibidem2017_33
skip smogon_ou_sharing_p6_016_697: duplicate of smogon_ou_builder_ibidem2017_34
skip smogon_ou_sharing_p6_016_698: duplicate of smogon_ou_builder_ibidem2017_35
skip smogon_ou_sharing_p6_016_699: duplicate of smogon_ou_builder_ibidem2017_36
skip smogon_ou_sharing_p6_016_700: duplicate of smogon_ou_builder_ibidem2017_37
skip smogon_ou_sharing_p6_016_701: duplicate of smogon_ou_builder_ibidem2017_38
skip smogon_ou_sharing_p6_016_702: duplicate of smogon_ou_builder_ibidem2017_40
skip smogon_ou_sharing_p6_016_703: duplicate of smogon_ou_builder_ibidem2017_39
skip smogon_ou_sharing_p6_016_704: duplicate of smogon_ou_builder_ibidem2017_42
skip smogon_ou_sharing_p6_016_705: duplicate of smogon_ou_builder_ibidem2017_41
skip smogon_ou_sharing_p6_016_706: duplicate of smogon_ou_builder_ibidem2017_43
skip smogon_ou_sharing_p6_016_707: duplicate of smogon_ou_builder_ibidem2017_44
skip smogon_ou_sharing_p6_016_708: duplicate of smogon_ou_builder_ibidem2017_45
skip smogon_ou_sharing_p6_016_709: duplicate of smogon_ou_builder_ibidem2017_46
skip smogon_ou_sharing_p6_016_710: duplicate of smogon_ou_builder_ibidem2017_47
skip smogon_ou_sharing_p6_016_711: duplicate of smogon_ou_builder_ibidem2017_48
skip smogon_ou_sharing_p6_016_712: duplicate of smogon_ou_builder_ibidem2017_49
skip smogon_ou_sharing_p6_016_713: duplicate of smogon_ou_builder_ibidem2017_50
skip smogon_ou_sharing_p6_016_714: duplicate of smogon_ou_builder_ibidem2017_51
skip smogon_ou_sharing_p6_016_715: duplicate of smogon_ou_builder_ibidem2017_52
skip smogon_ou_sharing_p6_016_716: duplicate of smogon_ou_builder_ibidem2017_53
skip smogon_ou_sharing_p6_016_717: duplicate of smogon_ou_builder_ibidem2017_54
skip smogon_ou_sharing_p6_016_718: duplicate of smogon_ou_builder_ibidem2017_56
skip smogon_ou_sharing_p6_016_719: duplicate of smogon_ou_builder_ibidem2017_57
skip smogon_ou_sharing_p6_016_720: duplicate of smogon_ou_builder_ibidem2017_58
skip smogon_ou_sharing_p6_016_721: duplicate of smogon_ou_builder_ibidem2017_59
skip smogon_ou_sharing_p6_016_722: duplicate of smogon_ou_builder_ibidem2017_60
skip smogon_ou_sharing_p6_016_723: duplicate of smogon_ou_builder_ibidem2017_61
skip smogon_ou_sharing_p6_016_724: duplicate of smogon_ou_builder_ibidem2017_62
skip smogon_ou_sharing_p6_016_725: duplicate of smogon_ou_builder_ibidem2017_63
skip smogon_ou_sharing_p6_016_726: duplicate of smogon_ou_builder_ibidem2017_64
skip smogon_ou_sharing_p6_016_727: duplicate of smogon_ou_builder_ibidem2017_65
skip smogon_ou_sharing_p6_016_728: duplicate of smogon_ou_builder_ibidem2017_66
skip smogon_ou_sharing_p6_016_729: duplicate of smogon_ou_builder_ibidem2017_67
skip smogon_ou_sharing_p6_016_730: duplicate of smogon_ou_builder_ibidem2017_68
skip smogon_ou_sharing_p6_016_731: duplicate of smogon_ou_builder_ibidem2017_69
skip smogon_ou_sharing_p6_016_732: duplicate of smogon_ou_builder_ibidem2017_70
skip smogon_ou_sharing_p6_016_733: duplicate of smogon_ou_builder_ibidem2017_71
skip smogon_ou_sharing_p6_016_734: duplicate of smogon_ou_builder_ibidem2017_72
skip smogon_ou_sharing_p6_016_735: duplicate of smogon_ou_builder_ibidem2017_73
skip smogon_ou_sharing_p6_016_736: duplicate of smogon_ou_builder_ibidem2017_74
skip smogon_ou_sharing_p6_016_737: duplicate of smogon_ou_builder_ibidem2017_75
skip smogon_ou_sharing_p6_016_738: duplicate of smogon_ou_builder_ibidem2017_76
skip smogon_ou_sharing_p6_016_739: duplicate of smogon_ou_builder_ibidem2017_77
skip smogon_ou_sharing_p6_016_740: duplicate of smogon_ou_builder_ibidem2017_78
skip smogon_ou_sharing_p6_016_741: duplicate of smogon_ou_builder_ibidem2017_79
skip smogon_ou_sharing_p6_016_742: duplicate of smogon_ou_builder_ibidem2017_80
skip smogon_ou_sharing_p6_016_743: duplicate of smogon_ou_builder_ibidem2017_81
skip smogon_ou_sharing_p6_016_744: duplicate of smogon_ou_builder_ibidem2017_82
skip smogon_ou_sharing_p6_016_745: duplicate of smogon_ou_builder_ibidem2017_83
skip smogon_ou_sharing_p6_016_746: duplicate of smogon_ou_builder_ibidem2017_85
skip smogon_ou_sharing_p6_016_747: duplicate of smogon_ou_builder_ibidem2017_86
skip smogon_ou_sharing_p6_016_748: duplicate of smogon_ou_builder_ibidem2017_87
skip smogon_ou_sharing_p6_016_749: duplicate of smogon_ou_builder_ibidem2017_88
skip smogon_ou_sharing_p6_016_750: duplicate of smogon_ou_builder_ibidem2017_89
skip smogon_ou_sharing_p6_016_751: duplicate of smogon_ou_builder_ibidem2017_90
skip smogon_ou_sharing_p6_016_752: duplicate of smogon_ou_builder_ibidem2017_91
skip smogon_ou_sharing_p6_016_753: duplicate of smogon_ou_builder_ibidem2017_92
skip smogon_ou_sharing_p6_016_754: duplicate of smogon_ou_builder_ibidem2017_93
skip smogon_ou_sharing_p6_016_755: duplicate of smogon_ou_builder_ibidem2017_94
skip smogon_ou_sharing_p6_016_756: duplicate of smogon_ou_builder_ibidem2017_95
skip smogon_ou_sharing_p6_016_757: duplicate of smogon_ou_builder_ibidem2017_96
skip smogon_ou_sharing_p6_016_758: duplicate of smogon_ou_builder_ibidem2017_97
skip smogon_ou_sharing_p6_016_759: duplicate of smogon_ou_builder_ibidem2017_98
skip smogon_ou_sharing_p6_016_760: duplicate of smogon_ou_builder_ibidem2017_99
skip smogon_ou_sharing_p6_016_761: duplicate of smogon_ou_builder_ibidem2017_100
skip smogon_ou_sharing_p6_016_763: duplicate of smogon_ou_builder_ibidem2017_102
skip smogon_ou_sharing_p6_016_764: duplicate of smogon_ou_builder_ibidem2017_103
skip smogon_ou_sharing_p6_016_765: duplicate of smogon_ou_builder_ibidem2017_104
skip smogon_ou_sharing_p6_016_766: duplicate of smogon_ou_builder_ibidem2017_105
skip smogon_ou_sharing_p6_016_767: duplicate of smogon_ou_builder_ibidem2017_106
skip smogon_ou_sharing_p6_016_768: duplicate of smogon_ou_builder_ibidem2017_107
skip smogon_ou_sharing_p6_016_769: duplicate of smogon_ou_builder_ibidem2017_108
skip smogon_ou_sharing_p6_016_770: duplicate of smogon_ou_builder_ibidem2017_109
skip smogon_ou_sharing_p6_016_771: duplicate of smogon_ou_builder_ibidem2017_110
skip smogon_ou_sharing_p6_016_772: duplicate of smogon_ou_builder_ibidem2017_111
skip smogon_ou_sharing_p6_016_773: duplicate of smogon_ou_builder_ibidem2017_112
skip smogon_ou_sharing_p6_016_774: duplicate of smogon_ou_builder_ibidem2017_55
skip smogon_ou_sharing_p6_016_787: duplicate of smogon_ou_sample_038
skip smogon_ou_sharing_p6_016_827: duplicate of smogon_ou_sharing_p6_016_151
skip smogon_ou_sharing_p6_016_868: duplicate of smogon_ou_sharing_p6_016_167
skip smogon_ou_sharing_p6_016_960: duplicate of smogon_ou_builder_tlc2020_1
skip smogon_ou_sharing_p6_016_961: duplicate of smogon_ou_builder_tlc2020_2
skip smogon_ou_sharing_p6_016_962: duplicate of smogon_ou_builder_tlc2020_3
skip smogon_ou_sharing_p6_016_964: duplicate of smogon_ou_builder_tlc2020_6
skip smogon_ou_sharing_p6_016_965: duplicate of smogon_ou_builder_tlc2020_7
skip smogon_ou_sharing_p6_016_966: duplicate of smogon_ou_builder_tlc2020_9
skip smogon_ou_sharing_p6_016_967: duplicate of smogon_ou_builder_tlc2020_10
skip smogon_ou_sharing_p6_016_968: duplicate of smogon_ou_builder_tlc2020_11
skip smogon_ou_sharing_p6_016_969: duplicate of smogon_ou_builder_tlc2020_12
skip smogon_ou_sharing_p6_016_970: duplicate of smogon_ou_builder_tlc2020_14
skip smogon_ou_sharing_p6_016_971: duplicate of smogon_ou_builder_tlc2020_15
skip smogon_ou_sharing_p6_016_972: duplicate of smogon_ou_builder_tlc2020_16
skip smogon_ou_sharing_p6_016_973: duplicate of smogon_ou_builder_tlc2020_17
skip smogon_ou_sharing_p6_016_974: duplicate of smogon_ou_builder_tlc2020_18
skip smogon_ou_sharing_p6_016_975: duplicate of smogon_ou_builder_tlc2020_19
skip smogon_ou_sharing_p6_016_976: duplicate of smogon_ou_builder_tlc2020_22
skip smogon_ou_sharing_p6_016_977: duplicate of smogon_ou_builder_tlc2020_23
skip smogon_ou_sharing_p6_016_978: duplicate of smogon_ou_builder_tlc2020_24
skip smogon_ou_sharing_p6_016_979: duplicate of smogon_ou_builder_tlc2020_25
skip smogon_ou_sharing_p6_016_980: duplicate of smogon_ou_builder_tlc2020_26
skip smogon_ou_sharing_p6_016_981: duplicate of smogon_ou_builder_tlc2020_27
skip smogon_ou_sharing_p6_016_982: duplicate of smogon_ou_builder_tlc2020_28
skip smogon_ou_sharing_p6_016_983: duplicate of smogon_ou_builder_tlc2020_29
skip smogon_ou_sharing_p6_016_984: duplicate of smogon_ou_builder_tlc2020_30
skip smogon_ou_sharing_p6_016_985: duplicate of smogon_ou_builder_tlc2020_31
skip smogon_ou_sharing_p6_016_986: duplicate of smogon_ou_builder_tlc2020_32
skip smogon_ou_sharing_p6_016_987: duplicate of smogon_ou_builder_tlc2020_33
skip smogon_ou_sharing_p6_016_988: duplicate of smogon_ou_builder_tlc2020_34
skip smogon_ou_sharing_p6_016_989: duplicate of smogon_ou_builder_tlc2020_35
skip smogon_ou_sharing_p6_016_990: duplicate of smogon_ou_builder_tlc2020_36
skip smogon_ou_sharing_p6_016_991: duplicate of smogon_ou_builder_tlc2020_37
skip smogon_ou_sharing_p6_016_992: duplicate of smogon_ou_builder_tlc2020_38
skip smogon_ou_sharing_p6_016_993: duplicate of smogon_ou_builder_tlc2020_39
skip smogon_ou_sharing_p6_016_994: duplicate of smogon_ou_builder_tlc2020_40
skip smogon_ou_sharing_p6_016_995: duplicate of smogon_ou_builder_tlc2020_41
skip smogon_ou_sharing_p6_016_996: duplicate of smogon_ou_builder_tlc2020_42
skip smogon_ou_sharing_p6_016_997: duplicate of smogon_ou_builder_tlc2020_43
skip smogon_ou_sharing_p6_016_998: duplicate of smogon_ou_builder_tlc2020_44
skip smogon_ou_sharing_p6_016_999: duplicate of smogon_ou_builder_tlc2020_45
skip smogon_ou_sharing_p6_016_1000: duplicate of smogon_ou_sample_054
skip smogon_ou_sharing_p6_016_1001: duplicate of smogon_ou_builder_tlc2020_47
skip smogon_ou_sharing_p6_016_1002: duplicate of smogon_ou_builder_tlc2020_48
skip smogon_ou_sharing_p6_016_1003: duplicate of smogon_ou_builder_tlc2020_49
skip smogon_ou_sharing_p6_016_1004: duplicate of smogon_ou_builder_tlc2020_50
skip smogon_ou_sharing_p6_016_1005: duplicate of smogon_ou_builder_tlc2020_51
skip smogon_ou_sharing_p6_016_1006: duplicate of smogon_ou_builder_tlc2020_52
skip smogon_ou_sharing_p6_016_1007: duplicate of smogon_ou_builder_tlc2020_53
skip smogon_ou_sharing_p6_016_1008: duplicate of smogon_ou_builder_tlc2020_54
skip smogon_ou_sharing_p6_016_1009: duplicate of smogon_ou_builder_tlc2020_55
skip smogon_ou_sharing_p6_016_1010: duplicate of smogon_ou_builder_tlc2020_56
skip smogon_ou_sharing_p6_016_1011: duplicate of smogon_ou_builder_tlc2020_57
skip smogon_ou_sharing_p6_016_1012: duplicate of smogon_ou_builder_tlc2020_58
skip smogon_ou_sharing_p6_016_1013: duplicate of smogon_ou_builder_tlc2020_59
skip smogon_ou_sharing_p6_016_1014: duplicate of smogon_ou_builder_tlc2020_60
skip smogon_ou_sharing_p6_016_1015: duplicate of smogon_ou_builder_tlc2020_61
skip smogon_ou_sharing_p6_016_1016: duplicate of smogon_ou_builder_tlc2020_62
skip smogon_ou_sharing_p6_016_1017: duplicate of smogon_ou_builder_tlc2020_63
skip smogon_ou_sharing_p6_016_1018: duplicate of smogon_ou_builder_tlc2020_64
skip smogon_ou_sharing_p6_016_1019: duplicate of smogon_ou_builder_tlc2020_65
skip smogon_ou_sharing_p6_016_1020: duplicate of smogon_ou_builder_tlc2020_66
skip smogon_ou_sharing_p6_016_1021: duplicate of smogon_ou_builder_tlc2020_67
skip smogon_ou_sharing_p6_016_1022: duplicate of smogon_ou_builder_tlc2020_68
skip smogon_ou_sharing_p6_016_1023: duplicate of smogon_ou_builder_tlc2020_69
skip smogon_ou_sharing_p6_016_1024: duplicate of smogon_ou_builder_tlc2020_70
skip smogon_ou_sharing_p6_016_1025: duplicate of smogon_ou_builder_tlc2020_71
skip smogon_ou_sharing_p6_016_1026: duplicate of smogon_ou_builder_tlc2020_72
skip smogon_ou_sharing_p6_016_1027: duplicate of smogon_ou_builder_tlc2020_73
skip smogon_ou_sharing_p6_016_1028: duplicate of smogon_ou_builder_tlc2020_74
skip smogon_ou_sharing_p6_016_1029: duplicate of smogon_ou_builder_tlc2020_75
skip smogon_ou_sharing_p6_016_1030: duplicate of smogon_ou_builder_tlc2020_76
skip smogon_ou_sharing_p6_016_1031: duplicate of smogon_ou_builder_tlc2020_77
skip smogon_ou_sharing_p6_016_1032: duplicate of smogon_ou_builder_tlc2020_78
skip smogon_ou_sharing_p6_016_1033: duplicate of smogon_ou_builder_tlc2020_79
skip smogon_ou_sharing_p6_016_1034: duplicate of smogon_ou_builder_tlc2020_81
skip smogon_ou_sharing_p6_016_1035: duplicate of smogon_ou_builder_tlc2020_82
skip smogon_ou_sharing_p6_016_1036: duplicate of smogon_ou_builder_tlc2020_83
skip smogon_ou_sharing_p6_016_1037: duplicate of smogon_ou_builder_tlc2020_85
skip smogon_ou_sharing_p6_016_1038: duplicate of smogon_ou_sharing_p2_005
skip smogon_ou_sharing_p6_016_1039: duplicate of smogon_ou_sharing_p2_006
skip smogon_ou_sharing_p6_016_1040: duplicate of smogon_ou_sharing_p2_008
skip smogon_ou_sharing_p6_016_1041: duplicate of smogon_ou_sharing_p2_009
skip smogon_ou_sharing_p6_016_1042: duplicate of smogon_ou_sharing_p2_010
skip smogon_ou_sharing_p6_016_1043: duplicate of smogon_ou_sharing_p3_003_1
skip smogon_ou_sharing_p6_016_1044: duplicate of smogon_ou_sharing_p3_003_2
skip smogon_ou_sharing_p6_016_1045: duplicate of smogon_ou_sharing_p3_003_3
skip smogon_ou_sharing_p6_016_1046: duplicate of smogon_ou_sharing_p3_003_4
skip smogon_ou_sharing_p6_016_1047: duplicate of smogon_ou_sharing_p3_003_5
skip smogon_ou_sharing_p6_016_1048: duplicate of smogon_ou_sharing_p3_003_6
skip smogon_ou_sharing_p6_016_1049: duplicate of smogon_ou_sharing_p3_003_7
skip smogon_ou_sharing_p6_016_1050: duplicate of smogon_ou_sharing_p3_003_8
skip smogon_ou_sharing_p6_016_1051: duplicate of smogon_ou_sharing_p3_003_9
skip smogon_ou_sharing_p6_016_1052: duplicate of smogon_ou_sharing_p3_003_10
skip smogon_ou_sharing_p6_016_1053: duplicate of smogon_ou_sharing_p3_003_11
skip smogon_ou_sharing_p6_016_1054: duplicate of smogon_ou_sharing_p3_003_12
skip smogon_ou_sharing_p6_016_1055: duplicate of smogon_ou_sharing_p3_003_13
skip smogon_ou_sharing_p6_016_1056: duplicate of smogon_ou_sharing_p3_003_14
skip smogon_ou_sharing_p6_016_1057: duplicate of smogon_ou_sharing_p3_003_15
skip smogon_ou_sharing_p6_016_1058: duplicate of smogon_ou_sharing_p3_003_16
skip smogon_ou_sharing_p6_016_1059: duplicate of smogon_ou_sharing_p3_003_17
skip smogon_ou_sharing_p6_016_1060: duplicate of smogon_ou_sharing_p3_003_15
skip smogon_ou_sharing_p6_016_1061: duplicate of smogon_ou_sharing_p3_003_19
skip smogon_ou_sharing_p6_016_1062: duplicate of smogon_ou_sharing_p3_003_20
skip smogon_ou_sharing_p6_016_1063: duplicate of smogon_ou_sharing_p3_003_21
skip smogon_ou_sharing_p6_016_1064: duplicate of smogon_ou_sharing_p3_003_22
skip smogon_ou_sharing_p6_016_1065: duplicate of smogon_ou_sharing_p5_024_34
skip smogon_ou_sharing_p6_016_1072: duplicate of smogon_ou_sample_020
skip smogon_ou_sharing_p6_016_1088 (e8f6aab905a2f274.txt): unresolved species "=== [gen3ou] Mushi League/Yama's Stall - Sato (Exp"
skip smogon_ou_sharing_p6_016_1101: duplicate of smogon_ou_sharing_p6_016_79
skip smogon_ou_sharing_p6_016_1104: duplicate of smogon_ou_sharing_p6_016_172
skip smogon_ou_sharing_p6_016_1106: duplicate of smogon_ou_sharing_p6_016_1105
skip smogon_ou_sharing_p6_016_1110: duplicate of smogon_ou_sharing_p6_016_1102
skip smogon_ou_sharing_p6_016_1111: duplicate of smogon_ou_sharing_p6_016_428
skip smogon_ou_sharing_p6_016_1112: duplicate of smogon_ou_sharing_p6_016_1103
skip smogon_ou_sharing_p6_016_1117: duplicate of smogon_ou_sharing_p6_016_172
skip smogon_ou_sharing_p6_016_1119: duplicate of smogon_ou_sharing_p4_035
skip smogon_ou_sharing_p6_016_1126: duplicate of smogon_ou_sharing_p5_024_17
skip smogon_ou_sharing_p6_016_1128: duplicate of smogon_ou_sharing_p6_016_1103
skip smogon_ou_sharing_p6_016_1130: duplicate of smogon_ou_sharing_p6_016_1118
skip smogon_ou_sharing_p6_016_1140: duplicate of smogon_ou_sharing_p6_009
skip smogon_ou_sharing_p6_016_1144: duplicate of smogon_ou_sharing_p5_024_13
skip smogon_ou_sharing_p6_016_1159: duplicate of smogon_ou_builder_tlc2019_56
skip smogon_ou_sharing_p6_016_1160: duplicate of smogon_ou_builder_tlc2019_57
skip smogon_ou_sharing_p6_016_1161: duplicate of smogon_ou_builder_tlc2019_55
skip smogon_ou_sharing_p6_016_1162: duplicate of smogon_ou_builder_tlc2019_60
skip smogon_ou_sharing_p6_016_1163: duplicate of smogon_ou_builder_tlc2019_61
skip smogon_ou_sharing_p6_016_1164: duplicate of smogon_ou_builder_tlc2019_59
skip smogon_ou_sharing_p6_016_1165: duplicate of smogon_ou_builder_tlc2019_69
skip smogon_ou_sharing_p6_016_1166: duplicate of smogon_ou_builder_tlc2019_76
skip smogon_ou_sharing_p6_016_1167: duplicate of smogon_ou_builder_tlc2019_101
skip smogon_ou_sharing_p6_016_1169: duplicate of smogon_ou_builder_tlc2019_79
skip smogon_ou_sharing_p6_016_1170: duplicate of smogon_ou_builder_tlc2019_80
skip smogon_ou_sharing_p6_016_1171: duplicate of smogon_ou_builder_tlc2019_78
skip smogon_ou_sharing_p6_016_1172: duplicate of smogon_ou_builder_tlc2019_81
skip smogon_ou_sharing_p6_016_1173: duplicate of smogon_ou_builder_tlc2019_83
skip smogon_ou_sharing_p6_016_1174: duplicate of smogon_ou_builder_tlc2019_82
skip smogon_ou_sharing_p6_016_1175: duplicate of smogon_ou_builder_tlc2019_85
skip smogon_ou_sharing_p6_016_1176: duplicate of smogon_ou_builder_tlc2019_87
skip smogon_ou_sharing_p6_016_1177: duplicate of smogon_ou_builder_tlc2019_89
skip smogon_ou_sharing_p6_016_1178: duplicate of smogon_ou_builder_tlc2019_88
skip smogon_ou_sharing_p6_016_1179: duplicate of smogon_ou_builder_tlc2019_86
skip smogon_ou_sharing_p6_016_1180: duplicate of smogon_ou_builder_tlc2019_90
skip smogon_ou_sharing_p6_016_1181: duplicate of smogon_ou_builder_tlc2019_92
skip smogon_ou_sharing_p6_016_1182: duplicate of smogon_ou_builder_tlc2019_91
skip smogon_ou_sharing_p6_016_1183: duplicate of smogon_ou_builder_tlc2019_93
skip smogon_ou_sharing_p6_016_1184: duplicate of smogon_ou_builder_tlc2019_94
skip smogon_ou_sharing_p6_016_1185: duplicate of smogon_ou_builder_tlc2019_96
skip smogon_ou_sharing_p6_016_1186: duplicate of smogon_ou_builder_tlc2019_95
skip smogon_ou_sharing_p6_016_1187: duplicate of smogon_ou_builder_tlc2019_98
skip smogon_ou_sharing_p6_016_1188: duplicate of smogon_ou_builder_tlc2019_103
skip smogon_ou_sharing_p6_016_1189: duplicate of smogon_ou_builder_tlc2019_99
skip smogon_ou_sharing_p6_016_1190: duplicate of smogon_ou_builder_tlc2019_97
skip smogon_ou_sharing_p6_016_1191: duplicate of smogon_ou_builder_tlc2019_104
skip smogon_ou_sharing_p6_016_1192: duplicate of smogon_ou_builder_tlc2019_102
skip smogon_ou_sharing_p6_016_1193: duplicate of smogon_ou_builder_tlc2019_106
skip smogon_ou_sharing_p6_016_1194: duplicate of smogon_ou_builder_tlc2019_110
skip smogon_ou_sharing_p6_016_1195: duplicate of smogon_ou_builder_tlc2019_108
skip smogon_ou_sharing_p6_016_1196: duplicate of smogon_ou_builder_tlc2019_107
skip smogon_ou_sharing_p6_016_1197: duplicate of smogon_ou_builder_tlc2019_111
skip smogon_ou_sharing_p6_016_1198: duplicate of smogon_ou_builder_tlc2019_112
skip smogon_ou_sharing_p6_016_1199: duplicate of smogon_ou_builder_tlc2019_115
skip smogon_ou_sharing_p6_016_1202: duplicate of smogon_ou_builder_tlc2019_125
skip smogon_ou_sharing_p6_016_1203: duplicate of smogon_ou_builder_tlc2019_32
skip smogon_ou_sharing_p6_016_1204: duplicate of smogon_ou_builder_tlc2019_16
skip smogon_ou_sharing_p6_016_1205: duplicate of smogon_ou_builder_tlc2019_21
skip smogon_ou_sharing_p6_016_1206: duplicate of smogon_ou_builder_tlc2019_5
skip smogon_ou_sharing_p6_016_1208: duplicate of smogon_ou_builder_tlc2019_6
skip smogon_ou_sharing_p6_016_1210: duplicate of smogon_ou_builder_tlc2019_8
skip smogon_ou_sharing_p6_016_1211: duplicate of smogon_ou_builder_tlc2019_9
skip smogon_ou_sharing_p6_016_1212: duplicate of smogon_ou_builder_tlc2019_10
skip smogon_ou_sharing_p6_016_1213: duplicate of smogon_ou_builder_tlc2019_13
skip smogon_ou_sharing_p6_016_1214: duplicate of smogon_ou_builder_tlc2019_14
skip smogon_ou_sharing_p6_016_1215: duplicate of smogon_ou_builder_tlc2019_12
skip smogon_ou_sharing_p6_016_1217: duplicate of smogon_ou_builder_tlc2019_15
skip smogon_ou_sharing_p6_016_1218: duplicate of smogon_ou_builder_tlc2019_17
skip smogon_ou_sharing_p6_016_1219: duplicate of smogon_ou_builder_tlc2019_18
skip smogon_ou_sharing_p6_016_1220: duplicate of smogon_ou_builder_tlc2019_19
skip smogon_ou_sharing_p6_016_1221: duplicate of smogon_ou_builder_tlc2019_20
skip smogon_ou_sharing_p6_016_1222: duplicate of smogon_ou_builder_tlc2019_22
skip smogon_ou_sharing_p6_016_1223: duplicate of smogon_ou_builder_tlc2019_23
skip smogon_ou_sharing_p6_016_1224: duplicate of smogon_ou_builder_tlc2019_25
skip smogon_ou_sharing_p6_016_1225: duplicate of smogon_ou_builder_tlc2019_26
skip smogon_ou_sharing_p6_016_1226: duplicate of smogon_ou_builder_tlc2019_27
skip smogon_ou_sharing_p6_016_1227: duplicate of smogon_ou_builder_tlc2019_28
skip smogon_ou_sharing_p6_016_1228: duplicate of smogon_ou_builder_tlc2019_30
skip smogon_ou_sharing_p6_016_1229: duplicate of smogon_ou_builder_tlc2019_29
skip smogon_ou_sharing_p6_016_1230: duplicate of smogon_ou_builder_tlc2019_31
skip smogon_ou_sharing_p6_016_1231: duplicate of smogon_ou_builder_tlc2019_34
skip smogon_ou_sharing_p6_016_1232: duplicate of smogon_ou_builder_tlc2019_33
skip smogon_ou_sharing_p6_016_1233: duplicate of smogon_ou_builder_tlc2019_35
skip smogon_ou_sharing_p6_016_1234: duplicate of smogon_ou_builder_tlc2019_36
skip smogon_ou_sharing_p6_016_1235: duplicate of smogon_ou_builder_tlc2019_38
skip smogon_ou_sharing_p6_016_1236: duplicate of smogon_ou_builder_tlc2019_37
skip smogon_ou_sharing_p6_016_1237: duplicate of smogon_ou_builder_tlc2019_39
skip smogon_ou_sharing_p6_016_1238: duplicate of smogon_ou_builder_tlc2019_40
skip smogon_ou_sharing_p6_016_1239: duplicate of smogon_ou_builder_tlc2019_41
skip smogon_ou_sharing_p6_016_1240: duplicate of smogon_ou_builder_tlc2019_42
skip smogon_ou_sharing_p6_016_1241: duplicate of smogon_ou_builder_tlc2019_43
skip smogon_ou_sharing_p6_048_6: duplicate of smogon_ou_sharing_p6_015_3
skip smogon_ou_sharing_p6_048_36: duplicate of smogon_ou_sharing_p6_015_11
skip smogon_ou_sharing_p6_048_40: duplicate of smogon_ou_sharing_p6_015_16
skip smogon_ou_sharing_p6_048_41: duplicate of smogon_ou_sharing_p6_015_17
skip smogon_ou_sharing_p6_048_42: duplicate of smogon_ou_sharing_p6_015_18
skip smogon_ou_sharing_p6_048_50: duplicate of smogon_ou_sharing_p6_015_19
skip smogon_ou_sharing_p6_048_53: duplicate of smogon_ou_sharing_p6_015_22
skip smogon_ou_sharing_p6_048_54: duplicate of smogon_ou_sharing_p6_015_25
skip smogon_ou_sharing_p6_048_57: duplicate of smogon_ou_sharing_p6_015_28
skip smogon_ou_sharing_p6_048_60: duplicate of smogon_ou_sharing_p6_015_32
skip smogon_ou_sharing_p6_048_63: duplicate of smogon_ou_sharing_p6_015_34
skip smogon_ou_sharing_p6_048_66: duplicate of smogon_ou_sharing_p6_014_59
skip smogon_ou_sharing_p6_048_69: duplicate of smogon_ou_sharing_p6_015_39
skip smogon_ou_sharing_p6_048_70: duplicate of smogon_ou_sharing_p6_015_40
skip smogon_ou_sharing_p6_048_71: duplicate of smogon_ou_sharing_p6_015_41
skip smogon_ou_sharing_p6_048_73: duplicate of smogon_ou_sharing_p6_015_42
skip smogon_ou_sharing_p6_048_74: duplicate of smogon_ou_sharing_p6_015_43
skip smogon_ou_sharing_p6_048_82: duplicate of smogon_ou_sharing_p6_015_44
skip smogon_ou_sharing_p6_048_91: duplicate of smogon_ou_sharing_p6_015_49
skip smogon_ou_sharing_p6_048_104: duplicate of smogon_ou_sharing_p6_015_57
skip smogon_ou_sharing_p6_048_109: duplicate of smogon_ou_sharing_p6_015_60
skip smogon_ou_sharing_p6_048_111: duplicate of smogon_ou_sharing_p6_015_63
skip smogon_ou_sharing_p6_048_115: duplicate of smogon_ou_sharing_p6_015_67
skip smogon_ou_sharing_p6_048_116: duplicate of smogon_ou_sharing_p6_015_68
skip smogon_ou_sharing_p6_048_129 (ac6373996715b275.txt): unresolved species 'Suit Tar'
skip smogon_ou_sharing_p6_048_130 (ac6373996715b275.txt): unresolved species 'Suit Tar'
skip smogon_ou_sharing_p6_048_140: duplicate of smogon_ou_sharing_p6_015_73
skip smogon_ou_sharing_p6_048_150: duplicate of smogon_ou_sharing_p6_015_77
skip smogon_ou_sharing_p6_048_161: duplicate of smogon_ou_sharing_p6_015_93
skip smogon_ou_sharing_p6_048_184: duplicate of smogon_ou_sharing_p6_015_112
skip smogon_ou_sharing_p6_048_187: duplicate of smogon_ou_sharing_p6_015_113
skip smogon_ou_sharing_p6_048_190: duplicate of smogon_ou_sharing_p6_015_114
skip smogon_ou_sharing_p6_048_213: duplicate of smogon_ou_sharing_p6_015_136
skip smogon_ou_sharing_p6_048_216: duplicate of smogon_ou_sharing_p6_015_140
skip smogon_ou_sharing_p6_048_218: duplicate of smogon_ou_sharing_p6_015_142
skip smogon_ou_sharing_p6_048_219: duplicate of smogon_ou_sharing_p6_015_143
skip smogon_ou_sharing_p6_048_220: duplicate of smogon_ou_sharing_p6_015_144
skip smogon_ou_sharing_p6_048_223: duplicate of smogon_ou_sharing_p6_015_149
skip smogon_ou_sharing_p6_048_226: duplicate of smogon_ou_sharing_p6_015_150
skip smogon_ou_sharing_p6_048_241: duplicate of smogon_ou_sharing_p6_015_158
skip smogon_ou_sharing_p6_048_242: duplicate of smogon_ou_sharing_p6_015_160
skip smogon_ou_sharing_p6_048_247: duplicate of smogon_ou_sharing_p6_015_162
skip smogon_ou_sharing_p6_048_254: duplicate of smogon_ou_sharing_p6_015_163
skip smogon_ou_sharing_p6_048_255: duplicate of smogon_ou_sharing_p6_015_164
skip smogon_ou_sharing_p6_048_257: duplicate of smogon_ou_sharing_p6_015_165
skip smogon_ou_sharing_p6_048_296: duplicate of smogon_ou_sharing_p6_015_171
skip smogon_ou_sharing_p6_048_307: duplicate of smogon_ou_sharing_p6_048_236
skip smogon_ou_sharing_p6_048_308: duplicate of smogon_ou_sharing_p6_048_20
skip smogon_ou_sharing_p7_003_1: duplicate of smogon_ou_sharing_p7_002_13
skip smogon_ou_sharing_p7_003_2: duplicate of smogon_ou_sharing_p7_002_19
skip smogon_ou_sharing_p7_003_3: duplicate of smogon_ou_sharing_p7_002_11
skip smogon_ou_sharing_p7_003_4: duplicate of smogon_ou_sharing_p7_002_21
skip smogon_ou_sharing_p7_003_5: duplicate of smogon_ou_sharing_p7_002_22
skip smogon_ou_sharing_p7_003_6: duplicate of smogon_ou_sharing_p7_002_25
skip smogon_ou_sharing_p7_003_7: duplicate of smogon_ou_sharing_p7_002_27
skip smogon_ou_sharing_p7_003_8: duplicate of smogon_ou_sharing_p7_002_32
skip smogon_ou_sharing_p7_003_9: duplicate of smogon_ou_sharing_p7_002_34
skip smogon_ou_sharing_p7_003_10: duplicate of smogon_ou_sharing_p7_002_39
skip smogon_ou_sharing_p7_003_11: duplicate of smogon_ou_sharing_p7_002_36
skip smogon_ou_sharing_p7_003_12: duplicate of smogon_ou_sharing_p7_002_45
skip smogon_ou_sharing_p7_003_13: duplicate of smogon_ou_sharing_p7_002_44
skip smogon_ou_sharing_p7_003_14: duplicate of smogon_ou_sharing_p7_002_46
skip smogon_ou_sharing_p7_003_15: duplicate of smogon_ou_sharing_p7_002_47
skip smogon_ou_sharing_p7_003_16: duplicate of smogon_ou_sharing_p7_002_48
skip smogon_ou_sharing_p7_003_18: duplicate of smogon_ou_sharing_p7_002_60
skip smogon_ou_sharing_p7_003_19: duplicate of smogon_ou_sharing_p7_002_63
skip smogon_ou_sharing_p7_003_20: duplicate of smogon_ou_sharing_p7_002_64
skip smogon_ou_sharing_p7_003_22: duplicate of smogon_ou_sharing_p7_002_72
skip smogon_ou_sharing_p7_003_23: duplicate of smogon_ou_sharing_p7_002_80
skip smogon_ou_sharing_p7_003_24: duplicate of smogon_ou_sharing_p7_002_84
skip smogon_ou_sharing_p7_003_25: duplicate of smogon_ou_sharing_p7_002_85
skip smogon_ou_sharing_p7_003_26: duplicate of smogon_ou_sharing_p7_002_94
skip smogon_ou_sharing_p7_003_27: duplicate of smogon_ou_sharing_p7_002_91
skip smogon_ou_sharing_p7_004_2: duplicate of smogon_ou_sharing_p6_048_7
skip smogon_ou_sharing_p7_004_5: duplicate of smogon_ou_sharing_p6_048_34
skip smogon_ou_sharing_p7_004_8: duplicate of smogon_ou_sharing_p6_048_38
skip smogon_ou_sharing_p7_004_9: duplicate of smogon_ou_sharing_p6_048_39
skip smogon_ou_sharing_p7_004_10: duplicate of smogon_ou_sharing_p6_048_49
skip smogon_ou_sharing_p7_004_16: duplicate of smogon_ou_sharing_p6_048_100
skip smogon_ou_sharing_p7_004_17: duplicate of smogon_ou_sharing_p6_048_102
skip smogon_ou_sharing_p7_004_18: duplicate of smogon_ou_sharing_p6_048_114
skip smogon_ou_sharing_p7_004_20: duplicate of smogon_ou_sharing_p6_048_119
skip smogon_ou_sharing_p7_004_22: duplicate of smogon_ou_sharing_p6_048_121
skip smogon_ou_sharing_p7_004_24: duplicate of smogon_ou_sharing_p6_048_147
skip smogon_ou_sharing_p7_004_25: duplicate of smogon_ou_sharing_p6_048_152
skip smogon_ou_sharing_p7_004_28: duplicate of smogon_ou_sharing_p6_048_159
skip smogon_ou_sharing_p7_004_30: duplicate of smogon_ou_sharing_p6_048_171
skip smogon_ou_sharing_p7_004_31: duplicate of smogon_ou_sharing_p6_048_173
skip smogon_ou_sharing_p7_004_32: duplicate of smogon_ou_sharing_p6_048_174
skip smogon_ou_sharing_p7_004_35: duplicate of smogon_ou_sharing_p6_048_185
skip smogon_ou_sharing_p7_004_36: duplicate of smogon_ou_sharing_p6_048_192
skip smogon_ou_sharing_p7_004_37: duplicate of smogon_ou_sharing_p6_048_202
skip smogon_ou_sharing_p7_004_38: duplicate of smogon_ou_sharing_p6_048_203
skip smogon_ou_sharing_p7_004_39: duplicate of smogon_ou_sharing_p6_048_205
skip smogon_ou_sharing_p7_004_40: duplicate of smogon_ou_sharing_p6_048_207
skip smogon_ou_sharing_p7_004_41: duplicate of smogon_ou_sharing_p6_048_208
skip smogon_ou_sharing_p7_004_43: duplicate of smogon_ou_sharing_p6_048_210
skip smogon_ou_sharing_p7_004_44: duplicate of smogon_ou_sharing_p6_015_144
skip smogon_ou_sharing_p7_004_46: duplicate of smogon_ou_sharing_p6_048_224
skip smogon_ou_sharing_p7_004_49: duplicate of smogon_ou_sharing_p6_048_228
skip smogon_ou_sharing_p7_004_50: duplicate of smogon_ou_sharing_p6_048_235
skip smogon_ou_sharing_p7_004_51: duplicate of smogon_ou_sharing_p6_048_252
skip smogon_ou_sharing_p7_004_54: duplicate of smogon_ou_sharing_p6_048_253
skip smogon_ou_sharing_p7_004_56: duplicate of smogon_ou_sharing_p6_015_163
skip smogon_ou_sharing_p7_004_57: duplicate of smogon_ou_sharing_p6_048_256
skip smogon_ou_sharing_p7_004_58: duplicate of smogon_ou_sharing_p6_048_258
skip smogon_ou_sharing_p7_004_60: duplicate of smogon_ou_sharing_p6_048_261
skip smogon_ou_sharing_p7_004_61: duplicate of smogon_ou_sharing_p6_048_263
skip smogon_ou_sharing_p7_004_62: duplicate of smogon_ou_sharing_p6_048_264
skip smogon_ou_sharing_p7_004_63: duplicate of smogon_ou_sharing_p6_048_268
skip smogon_ou_sharing_p7_004_64: duplicate of smogon_ou_sharing_p6_048_269
skip smogon_ou_sharing_p7_004_65: duplicate of smogon_ou_sharing_p6_048_270
skip smogon_ou_sharing_p7_004_66: duplicate of smogon_ou_sharing_p6_048_271
skip smogon_ou_sharing_p7_004_68: duplicate of smogon_ou_sharing_p6_048_276
skip smogon_ou_sharing_p7_004_71: duplicate of smogon_ou_sharing_p6_048_277
skip smogon_ou_sharing_p7_004_72: duplicate of smogon_ou_sharing_p6_048_278
skip smogon_ou_sharing_p7_004_73: duplicate of smogon_ou_sharing_p6_048_280
skip smogon_ou_sharing_p7_004_74: duplicate of smogon_ou_sharing_p6_048_282
skip smogon_ou_sharing_p7_004_76: duplicate of smogon_ou_sharing_p6_048_292
skip smogon_ou_sharing_p7_004_77: duplicate of smogon_ou_sharing_p6_048_287
skip smogon_ou_sharing_p7_004_78: duplicate of smogon_ou_sharing_p6_048_289
skip smogon_ou_sharing_p7_004_79: duplicate of smogon_ou_sharing_p6_048_290
skip smogon_ou_sharing_p7_004_80: duplicate of smogon_ou_sharing_p6_048_291
skip smogon_ou_sharing_p7_004_83: duplicate of smogon_ou_sharing_p6_048_312
skip smogon_ou_sharing_p7_004_85: duplicate of smogon_ou_sharing_p6_048_313
skip smogon_ou_sharing_p7_005_2: duplicate of smogon_ou_sharing_p6_048_10
skip smogon_ou_sharing_p7_005_3: duplicate of smogon_ou_sharing_p6_048_13
skip smogon_ou_sharing_p7_005_6: duplicate of smogon_ou_sharing_p6_048_12
skip smogon_ou_sharing_p7_005_11: duplicate of smogon_ou_sharing_p6_048_15
skip smogon_ou_sharing_p7_005_13: duplicate of smogon_ou_sharing_p6_048_16
skip smogon_ou_sharing_p7_005_15: duplicate of smogon_ou_sharing_p6_048_32
skip smogon_ou_sharing_p7_005_17: duplicate of smogon_ou_sharing_p6_048_47
skip smogon_ou_sharing_p7_005_18: duplicate of smogon_ou_sharing_p6_015_22
skip smogon_ou_sharing_p7_005_21: duplicate of smogon_ou_sharing_p6_015_41
skip smogon_ou_sharing_p7_005_22: duplicate of smogon_ou_sharing_p6_048_107
skip smogon_ou_sharing_p7_005_24: duplicate of smogon_ou_sharing_p6_015_25
skip smogon_ou_sharing_p7_005_26: duplicate of smogon_ou_sharing_p6_015_67
skip smogon_ou_sharing_p7_005_27: duplicate of smogon_ou_sharing_p6_015_68
skip smogon_ou_sharing_p7_005_28: duplicate of smogon_ou_sharing_p6_048_99
skip smogon_ou_sharing_p7_005_30: duplicate of smogon_ou_sharing_p6_048_112
skip smogon_ou_sharing_p7_005_32: duplicate of smogon_ou_sharing_p6_048_149
skip smogon_ou_sharing_p7_005_33: duplicate of smogon_ou_sharing_p6_048_117
skip smogon_ou_sharing_p7_005_34: duplicate of smogon_ou_sharing_p6_048_155
skip smogon_ou_sharing_p7_005_35: duplicate of smogon_ou_sharing_p6_048_151
skip smogon_ou_sharing_p7_005_36: duplicate of smogon_ou_sharing_p6_048_239
skip smogon_ou_sharing_p7_005_37: duplicate of smogon_ou_sharing_p6_048_227
skip smogon_ou_sharing_p7_005_38: duplicate of smogon_ou_sharing_p6_048_229
skip smogon_ou_sharing_p7_005_39: duplicate of smogon_ou_sharing_p6_048_315
skip smogon_ou_sharing_p7_005_40: duplicate of smogon_ou_sharing_p6_048_316
skip smogon_ou_sharing_p7_005_41: duplicate of smogon_ou_sharing_p6_048_285
skip smogon_ou_sharing_p7_006_10: duplicate of smogon_ou_sharing_p6_048_29
skip smogon_ou_sharing_p7_006_25: duplicate of smogon_ou_sharing_p6_048_164
skip smogon_ou_sharing_p7_006_29: duplicate of smogon_ou_sharing_p6_048_273
skip smogon_ou_sharing_p7_007_12: duplicate of smogon_ou_sharing_p6_015_3
skip smogon_ou_sharing_p7_007_54: duplicate of smogon_ou_sharing_p6_015_18
skip smogon_ou_sharing_p7_007_57: duplicate of smogon_ou_sharing_p6_048_78
skip smogon_ou_sharing_p7_007_58: duplicate of smogon_ou_sharing_p6_048_89
skip smogon_ou_sharing_p7_007_61: duplicate of smogon_ou_sharing_p6_048_62
skip smogon_ou_sharing_p7_007_62: duplicate of smogon_ou_sharing_p6_048_65
skip smogon_ou_sharing_p7_007_84: duplicate of smogon_ou_sharing_p6_048_108
skip smogon_ou_sharing_p7_007_89: duplicate of smogon_ou_sharing_p6_048_146
skip smogon_ou_sharing_p7_007_94: duplicate of smogon_ou_sharing_p6_048_160
skip smogon_ou_sharing_p7_007_104: duplicate of smogon_ou_sharing_p6_048_189
skip smogon_ou_sharing_p7_007_111: duplicate of smogon_ou_sharing_p6_048_201
skip smogon_ou_sharing_p7_008_4: duplicate of smogon_ou_sharing_p7_007_40
skip smogon_ou_sharing_p7_009_1: duplicate of smogon_ou_sharing_p7_007_11
skip smogon_ou_sharing_p7_009_2: duplicate of smogon_ou_sharing_p7_007_10
skip smogon_ou_sharing_p7_009_3: duplicate of smogon_ou_sharing_p7_007_7
skip smogon_ou_sharing_p7_009_5: duplicate of smogon_ou_sharing_p7_007_17
skip smogon_ou_sharing_p7_009_6: duplicate of smogon_ou_sharing_p7_005_5
skip smogon_ou_sharing_p7_009_9: duplicate of smogon_ou_sharing_p7_007_23
skip smogon_ou_sharing_p7_009_10: duplicate of smogon_ou_sharing_p7_007_22
skip smogon_ou_sharing_p7_009_11: duplicate of smogon_ou_sharing_p7_007_24
skip smogon_ou_sharing_p7_009_12: duplicate of smogon_ou_sharing_p7_007_26
skip smogon_ou_sharing_p7_009_13: duplicate of smogon_ou_sharing_p7_007_25
skip smogon_ou_sharing_p7_009_14: duplicate of smogon_ou_sharing_p7_007_27
skip smogon_ou_sharing_p7_009_15: duplicate of smogon_ou_sharing_p7_007_28
skip smogon_ou_sharing_p7_009_16: duplicate of smogon_ou_sharing_p7_005_12
skip smogon_ou_sharing_p7_009_17: duplicate of smogon_ou_sharing_p7_007_13
skip smogon_ou_sharing_p7_009_18: duplicate of smogon_ou_sharing_p7_007_46
skip smogon_ou_sharing_p7_009_20: duplicate of smogon_ou_sharing_p7_004_7
skip smogon_ou_sharing_p7_009_22: duplicate of smogon_ou_sharing_p7_007_63
skip smogon_ou_sharing_p7_009_23: duplicate of smogon_ou_sharing_p7_007_64
skip smogon_ou_sharing_p7_009_24: duplicate of smogon_ou_sharing_p7_007_65
skip smogon_ou_sharing_p7_009_26: duplicate of smogon_ou_sharing_p7_007_31
skip smogon_ou_sharing_p7_009_28: duplicate of smogon_ou_sharing_p7_007_66
skip smogon_ou_sharing_p7_009_29: duplicate of smogon_ou_sharing_p7_007_67
skip smogon_ou_sharing_p7_009_30: duplicate of smogon_ou_sharing_p6_048_78
skip smogon_ou_sharing_p7_009_31: duplicate of smogon_ou_sharing_p7_007_48
skip smogon_ou_sharing_p7_009_32: duplicate of smogon_ou_sharing_p7_007_75
skip smogon_ou_sharing_p7_009_33: duplicate of smogon_ou_sharing_p7_007_76
skip smogon_ou_sharing_p7_009_34: duplicate of smogon_ou_sharing_p7_007_81
skip smogon_ou_sharing_p7_009_35: duplicate of smogon_ou_sharing_p7_007_51
skip smogon_ou_sharing_p7_009_36: duplicate of smogon_ou_sharing_p7_007_88
skip smogon_ou_sharing_p7_009_37: duplicate of smogon_ou_sharing_p7_007_96
skip smogon_ou_sharing_p7_009_38: duplicate of smogon_ou_sharing_p7_007_98
skip smogon_ou_sharing_p7_009_39: duplicate of smogon_ou_sharing_p7_007_101
skip smogon_ou_sharing_p7_009_40: duplicate of smogon_ou_sharing_p7_007_106
skip smogon_ou_sharing_p7_009_41: duplicate of smogon_ou_sharing_p7_007_105
skip smogon_ou_sharing_p7_009_42: duplicate of smogon_ou_sharing_p7_007_107
skip smogon_ou_sharing_p7_009_43: duplicate of smogon_ou_sharing_p7_004_42
skip smogon_ou_sharing_p7_009_44: duplicate of smogon_ou_sharing_p7_007_118
skip smogon_ou_sharing_p7_009_45: duplicate of smogon_ou_sharing_p7_007_119
skip smogon_ou_sharing_p7_009_46: duplicate of smogon_ou_sharing_p7_007_127
skip smogon_ou_sharing_p7_009_47: duplicate of smogon_ou_sharing_p7_007_130
skip smogon_ou_sharing_p7_009_48: duplicate of smogon_ou_sharing_p7_006_47
skip smogon_ou_sharing_p7_009_50: duplicate of smogon_ou_sharing_p7_007_79
skip smogon_ou_sharing_p7_009_54: duplicate of smogon_ou_sharing_p7_007_133
skip smogon_ou_sharing_p7_010_1: duplicate of smogon_ou_sharing_p7_005_20
skip smogon_ou_sharing_p7_010_2: duplicate of smogon_ou_sharing_p7_007_113
skip smogon_ou_sharing_p7_010_3: duplicate of smogon_ou_sharing_p6_048_212
skip smogon_ou_sharing_p7_011_4: duplicate of smogon_ou_sharing_p6_048_246
skip smogon_ou_sharing_p7_012_3: duplicate of smogon_ou_sharing_p6_048_142
skip smogon_ou_sharing_p7_012_7: duplicate of smogon_ou_sharing_p7_007_99
skip smogon_ou_sharing_p7_012_8: duplicate of smogon_ou_sharing_p6_015_112
skip smogon_ou_sharing_p7_013_20: duplicate of smogon_ou_sharing_p6_048_209
skip smogon_ou_sharing_p7_014_11: duplicate of smogon_ou_sharing_p6_015_32
skip smogon_ou_sharing_p7_014_13: duplicate of smogon_ou_sharing_p6_014_59
skip smogon_ou_sharing_p7_014_19: duplicate of smogon_ou_sharing_p6_015_42
skip smogon_ou_sharing_p7_014_31: duplicate of smogon_ou_sharing_p7_007_123
skip smogon_ou_sharing_p7_015_2: duplicate of smogon_ou_sharing_p7_007_87
skip smogon_ou_sharing_p7_015_3: duplicate of smogon_ou_sharing_p6_048_145
skip smogon_ou_sharing_p7_015_7: duplicate of smogon_ou_sharing_p7_007_90
skip smogon_ou_sharing_p7_015_9: duplicate of smogon_ou_sharing_p6_048_77
skip smogon_ou_sharing_p7_015_11: duplicate of smogon_ou_sharing_p6_048_176
skip smogon_ou_sharing_p7_015_13: duplicate of smogon_ou_sharing_p6_048_189
skip smogon_ou_sharing_p7_015_14: duplicate of smogon_ou_sharing_p7_007_108
skip smogon_ou_sharing_p7_016_10: duplicate of smogon_ou_sharing_p6_048_230
skip smogon_ou_sharing_p7_017_8: duplicate of smogon_ou_sharing_p7_007_15
skip smogon_ou_sharing_p7_017_9: duplicate of smogon_ou_sharing_p7_007_70
skip smogon_ou_sharing_p7_018_2: duplicate of smogon_ou_sharing_p7_007_1
skip smogon_ou_sharing_p7_018_5: duplicate of smogon_ou_sharing_p6_015_3
skip smogon_ou_sharing_p7_018_15: duplicate of smogon_ou_sharing_p7_007_44
skip smogon_ou_sharing_p7_018_16: duplicate of smogon_ou_sharing_p7_007_42
skip smogon_ou_sharing_p7_018_19: duplicate of smogon_ou_sharing_p7_007_71
skip smogon_ou_sharing_p7_018_28: duplicate of smogon_ou_sharing_p7_006_46
skip smogon_ou_sharing_p7_019_2: duplicate of smogon_ou_sharing_p7_006_39
skip smogon_ou_sharing_p7_020_10: duplicate of smogon_ou_sharing_p6_048_55
skip smogon_ou_sharing_p7_022_1: duplicate of smogon_ou_sharing_p7_007_1
skip smogon_ou_sharing_p7_022_2: duplicate of smogon_ou_sharing_p7_018_1
skip smogon_ou_sharing_p7_022_3: duplicate of smogon_ou_sharing_p7_018_4
skip smogon_ou_sharing_p7_022_4: duplicate of smogon_ou_sharing_p7_018_3
skip smogon_ou_sharing_p7_022_5: duplicate of smogon_ou_sharing_p7_020_1
skip smogon_ou_sharing_p7_022_6: duplicate of smogon_ou_sharing_p7_017_2
skip smogon_ou_sharing_p7_022_7: duplicate of smogon_ou_sharing_p7_017_1
skip smogon_ou_sharing_p7_022_8: duplicate of smogon_ou_sharing_p7_017_4
skip smogon_ou_sharing_p7_022_9: duplicate of smogon_ou_sharing_p7_017_3
skip smogon_ou_sharing_p7_022_10: duplicate of smogon_ou_sharing_p7_017_5
skip smogon_ou_sharing_p7_022_11: duplicate of smogon_ou_sharing_p7_020_2
skip smogon_ou_sharing_p7_022_12: duplicate of smogon_ou_sharing_p7_007_11
skip smogon_ou_sharing_p7_022_13: duplicate of smogon_ou_sharing_p7_007_10
skip smogon_ou_sharing_p7_022_14: duplicate of smogon_ou_sharing_p7_017_6
skip smogon_ou_sharing_p7_022_15: duplicate of smogon_ou_sharing_p7_007_7
skip smogon_ou_sharing_p7_022_16: duplicate of smogon_ou_sharing_p7_017_7
skip smogon_ou_sharing_p7_022_17: duplicate of smogon_ou_sharing_p7_020_3
skip smogon_ou_sharing_p7_022_18: duplicate of smogon_ou_sharing_p6_015_3
skip smogon_ou_sharing_p7_022_19: duplicate of smogon_ou_sharing_p7_020_4
skip smogon_ou_sharing_p7_022_20: duplicate of smogon_ou_sharing_p7_009_4
skip smogon_ou_sharing_p7_022_21: duplicate of smogon_ou_sharing_p7_007_15
skip smogon_ou_sharing_p7_022_22: duplicate of smogon_ou_sharing_p7_014_2
skip smogon_ou_sharing_p7_022_23: duplicate of smogon_ou_sharing_p7_007_17
skip smogon_ou_sharing_p7_022_24: duplicate of smogon_ou_sharing_p7_014_3
skip smogon_ou_sharing_p7_022_25: duplicate of smogon_ou_sharing_p7_014_4
skip smogon_ou_sharing_p7_022_26: duplicate of smogon_ou_sharing_p7_014_5
skip smogon_ou_sharing_p7_022_27: duplicate of smogon_ou_sharing_p7_014_6
skip smogon_ou_sharing_p7_022_28: duplicate of smogon_ou_sharing_p7_013_1
skip smogon_ou_sharing_p7_022_29: duplicate of smogon_ou_sharing_p7_005_5
skip smogon_ou_sharing_p7_022_30: duplicate of smogon_ou_sharing_p7_009_7
skip smogon_ou_sharing_p7_022_31: duplicate of smogon_ou_sharing_p7_009_8
skip smogon_ou_sharing_p7_022_32: duplicate of smogon_ou_sharing_p7_014_8
skip smogon_ou_sharing_p7_022_33: duplicate of smogon_ou_sharing_p7_007_23
skip smogon_ou_sharing_p7_022_34: duplicate of smogon_ou_sharing_p7_007_22
skip smogon_ou_sharing_p7_022_35: duplicate of smogon_ou_sharing_p7_007_24
skip smogon_ou_sharing_p7_022_36: duplicate of smogon_ou_sharing_p7_007_26
skip smogon_ou_sharing_p7_022_37: duplicate of smogon_ou_sharing_p7_016_2
skip smogon_ou_sharing_p7_022_38: duplicate of smogon_ou_sharing_p7_016_1
skip smogon_ou_sharing_p7_022_39: duplicate of smogon_ou_sharing_p7_007_25
skip smogon_ou_sharing_p7_022_40: duplicate of smogon_ou_sharing_p7_007_27
skip smogon_ou_sharing_p7_022_41: duplicate of smogon_ou_sharing_p7_007_28
skip smogon_ou_sharing_p7_022_42: duplicate of smogon_ou_sharing_p7_005_12
skip smogon_ou_sharing_p7_022_43: duplicate of smogon_ou_sharing_p7_007_13
skip smogon_ou_sharing_p7_022_44: duplicate of smogon_ou_sharing_p7_018_6
skip smogon_ou_sharing_p7_022_45: duplicate of smogon_ou_sharing_p7_018_7
skip smogon_ou_sharing_p7_022_46: duplicate of smogon_ou_sharing_p7_018_8
skip smogon_ou_sharing_p7_022_47: duplicate of smogon_ou_sharing_p7_018_9
skip smogon_ou_sharing_p7_022_48: duplicate of smogon_ou_sharing_p7_018_10
skip smogon_ou_sharing_p7_022_49: duplicate of smogon_ou_sharing_p7_018_11
skip smogon_ou_sharing_p7_022_50: duplicate of smogon_ou_sharing_p7_018_12
skip smogon_ou_sharing_p7_022_51: duplicate of smogon_ou_sharing_p7_018_13
skip smogon_ou_sharing_p7_022_52: duplicate of smogon_ou_sharing_p7_007_44
skip smogon_ou_sharing_p7_022_53: duplicate of smogon_ou_sharing_p7_007_46
skip smogon_ou_sharing_p7_022_54: duplicate of smogon_ou_sharing_p7_020_6
skip smogon_ou_sharing_p7_022_55: duplicate of smogon_ou_sharing_p7_018_14
skip smogon_ou_sharing_p7_022_56: duplicate of smogon_ou_sharing_p7_020_5
skip smogon_ou_sharing_p7_022_57: duplicate of smogon_ou_sharing_p7_007_42
skip smogon_ou_sharing_p7_022_58: duplicate of smogon_ou_sharing_p7_018_17
skip smogon_ou_sharing_p7_022_59: duplicate of smogon_ou_sharing_p7_009_19
skip smogon_ou_sharing_p7_022_60: duplicate of smogon_ou_sharing_p7_020_7
skip smogon_ou_sharing_p7_022_61: duplicate of smogon_ou_sharing_p7_020_8
skip smogon_ou_sharing_p7_022_62: duplicate of smogon_ou_sharing_p7_018_18
skip smogon_ou_sharing_p7_022_63: duplicate of smogon_ou_sharing_p7_004_7
skip smogon_ou_sharing_p7_022_64: duplicate of smogon_ou_sharing_p7_020_9
skip smogon_ou_sharing_p7_022_65: duplicate of smogon_ou_sharing_p7_009_21
skip smogon_ou_sharing_p7_022_66: duplicate of smogon_ou_sharing_p6_048_55
skip smogon_ou_sharing_p7_022_67: duplicate of smogon_ou_sharing_p7_014_7
skip smogon_ou_sharing_p7_022_68: duplicate of smogon_ou_sharing_p7_014_9
skip smogon_ou_sharing_p7_022_69: duplicate of smogon_ou_sharing_p7_014_10
skip smogon_ou_sharing_p7_022_70: duplicate of smogon_ou_sharing_p6_015_32
skip smogon_ou_sharing_p7_022_71: duplicate of smogon_ou_sharing_p7_014_12
skip smogon_ou_sharing_p7_022_72: duplicate of smogon_ou_sharing_p6_014_59
skip smogon_ou_sharing_p7_022_73: duplicate of smogon_ou_sharing_p7_014_15
skip smogon_ou_sharing_p7_022_74: duplicate of smogon_ou_sharing_p7_007_63
skip smogon_ou_sharing_p7_022_75: duplicate of smogon_ou_sharing_p7_014_14
skip smogon_ou_sharing_p7_022_76: duplicate of smogon_ou_sharing_p7_014_16
skip smogon_ou_sharing_p7_022_77: duplicate of smogon_ou_sharing_p7_013_2
skip smogon_ou_sharing_p7_022_78: duplicate of smogon_ou_sharing_p7_013_3
skip smogon_ou_sharing_p7_022_79: duplicate of smogon_ou_sharing_p7_013_4
skip smogon_ou_sharing_p7_022_80: duplicate of smogon_ou_sharing_p7_007_64
skip smogon_ou_sharing_p7_022_81: duplicate of smogon_ou_sharing_p7_013_5
skip smogon_ou_sharing_p7_022_82: duplicate of smogon_ou_sharing_p7_007_65
skip smogon_ou_sharing_p7_022_83: duplicate of smogon_ou_sharing_p7_009_25
skip smogon_ou_sharing_p7_022_84: duplicate of smogon_ou_sharing_p7_013_6
skip smogon_ou_sharing_p7_022_85: duplicate of smogon_ou_sharing_p7_007_31
skip smogon_ou_sharing_p7_022_86: duplicate of smogon_ou_sharing_p7_013_7
skip smogon_ou_sharing_p7_022_87: duplicate of smogon_ou_sharing_p7_005_20
skip smogon_ou_sharing_p7_022_88: duplicate of smogon_ou_sharing_p7_014_18
skip smogon_ou_sharing_p7_022_89: duplicate of smogon_ou_sharing_p7_013_8
skip smogon_ou_sharing_p7_022_90: duplicate of smogon_ou_sharing_p7_009_27
skip smogon_ou_sharing_p7_022_91: duplicate of smogon_ou_sharing_p7_007_66
skip smogon_ou_sharing_p7_022_92: duplicate of smogon_ou_sharing_p7_007_67
skip smogon_ou_sharing_p7_022_93: duplicate of smogon_ou_sharing_p7_014_17
skip smogon_ou_sharing_p7_022_94: duplicate of smogon_ou_sharing_p6_015_42
skip smogon_ou_sharing_p7_022_95: duplicate of smogon_ou_sharing_p7_014_20
skip smogon_ou_sharing_p7_022_96: duplicate of smogon_ou_sharing_p6_048_78
skip smogon_ou_sharing_p7_022_97: duplicate of smogon_ou_sharing_p7_007_70
skip smogon_ou_sharing_p7_022_98: duplicate of smogon_ou_sharing_p7_007_71
skip smogon_ou_sharing_p7_022_99: duplicate of smogon_ou_sharing_p7_019_1
skip smogon_ou_sharing_p7_022_100: duplicate of smogon_ou_sharing_p7_006_39
skip smogon_ou_sharing_p7_022_101: duplicate of smogon_ou_sharing_p7_019_4
skip smogon_ou_sharing_p7_022_102: duplicate of smogon_ou_sharing_p7_019_3
skip smogon_ou_sharing_p7_022_103: duplicate of smogon_ou_sharing_p7_019_5
skip smogon_ou_sharing_p7_022_104: duplicate of smogon_ou_sharing_p7_019_6
skip smogon_ou_sharing_p7_022_105: duplicate of smogon_ou_sharing_p7_019_8
skip smogon_ou_sharing_p7_022_106: duplicate of smogon_ou_sharing_p7_007_48
skip smogon_ou_sharing_p7_022_107: duplicate of smogon_ou_sharing_p7_007_75
skip smogon_ou_sharing_p7_022_108: duplicate of smogon_ou_sharing_p7_007_76
skip smogon_ou_sharing_p7_022_109: duplicate of smogon_ou_sharing_p7_007_81
skip smogon_ou_sharing_p7_022_110: duplicate of smogon_ou_sharing_p7_019_7
skip smogon_ou_sharing_p7_022_111: duplicate of smogon_ou_sharing_p7_019_9
skip smogon_ou_sharing_p7_022_112: duplicate of smogon_ou_sharing_p7_019_10
skip smogon_ou_sharing_p7_022_113: duplicate of smogon_ou_sharing_p7_019_12
skip smogon_ou_sharing_p7_022_114: duplicate of smogon_ou_sharing_p7_021_1
skip smogon_ou_sharing_p7_022_115: duplicate of smogon_ou_sharing_p7_019_11
skip smogon_ou_sharing_p7_022_116: duplicate of smogon_ou_sharing_p7_021_2
skip smogon_ou_sharing_p7_022_117: duplicate of smogon_ou_sharing_p7_019_13
skip smogon_ou_sharing_p7_022_118: duplicate of smogon_ou_sharing_p7_019_14
skip smogon_ou_sharing_p7_022_119: duplicate of smogon_ou_sharing_p7_007_51
skip smogon_ou_sharing_p7_022_127 (826364539b5f645c.txt): unresolved species 'Suit Tar'
skip smogon_ou_sharing_p7_022_137: duplicate of smogon_ou_sharing_p7_012_1
skip smogon_ou_sharing_p7_022_138: duplicate of smogon_ou_sharing_p7_012_2
skip smogon_ou_sharing_p7_022_139: duplicate of smogon_ou_sharing_p6_048_142
skip smogon_ou_sharing_p7_022_140: duplicate of smogon_ou_sharing_p7_012_5
skip smogon_ou_sharing_p7_022_141: duplicate of smogon_ou_sharing_p7_015_1
skip smogon_ou_sharing_p7_022_142: duplicate of smogon_ou_sharing_p7_007_87
skip smogon_ou_sharing_p7_022_143: duplicate of smogon_ou_sharing_p6_048_145
skip smogon_ou_sharing_p7_022_144: duplicate of smogon_ou_sharing_p7_015_4
skip smogon_ou_sharing_p7_022_145: duplicate of smogon_ou_sharing_p7_007_88
skip smogon_ou_sharing_p7_022_146: duplicate of smogon_ou_sharing_p7_012_4
skip smogon_ou_sharing_p7_022_148: duplicate of smogon_ou_sharing_p7_015_5
skip smogon_ou_sharing_p7_022_149: duplicate of smogon_ou_sharing_p7_015_6
skip smogon_ou_sharing_p7_022_150: duplicate of smogon_ou_sharing_p7_007_90
skip smogon_ou_sharing_p7_022_151: duplicate of smogon_ou_sharing_p7_007_96
skip smogon_ou_sharing_p7_022_152: duplicate of smogon_ou_sharing_p7_015_8
skip smogon_ou_sharing_p7_022_153: duplicate of smogon_ou_sharing_p7_007_98
skip smogon_ou_sharing_p7_022_154: duplicate of smogon_ou_sharing_p6_048_77
skip smogon_ou_sharing_p7_022_155: duplicate of smogon_ou_sharing_p7_015_10
skip smogon_ou_sharing_p7_022_156: duplicate of smogon_ou_sharing_p7_012_9
skip smogon_ou_sharing_p7_022_158: duplicate of smogon_ou_sharing_p6_048_176
skip smogon_ou_sharing_p7_022_159: duplicate of smogon_ou_sharing_p7_015_12
skip smogon_ou_sharing_p7_022_160: duplicate of smogon_ou_sharing_p7_007_99
skip smogon_ou_sharing_p7_022_161: duplicate of smogon_ou_sharing_p6_015_112
skip smogon_ou_sharing_p7_022_162: duplicate of smogon_ou_sharing_p6_048_189
skip smogon_ou_sharing_p7_022_163: duplicate of smogon_ou_sharing_p7_007_101
skip smogon_ou_sharing_p7_022_164: duplicate of smogon_ou_sharing_p7_007_106
skip smogon_ou_sharing_p7_022_165: duplicate of smogon_ou_sharing_p7_007_105
skip smogon_ou_sharing_p7_022_166: duplicate of smogon_ou_sharing_p7_007_107
skip smogon_ou_sharing_p7_022_167: duplicate of smogon_ou_sharing_p7_007_108
skip smogon_ou_sharing_p7_022_168: duplicate of smogon_ou_sharing_p7_015_15
skip smogon_ou_sharing_p7_022_169: duplicate of smogon_ou_sharing_p7_013_9
skip smogon_ou_sharing_p7_022_170: duplicate of smogon_ou_sharing_p7_013_10
skip smogon_ou_sharing_p7_022_171: duplicate of smogon_ou_sharing_p7_014_1
skip smogon_ou_sharing_p7_022_172: duplicate of smogon_ou_sharing_p7_013_11
skip smogon_ou_sharing_p7_022_173: duplicate of smogon_ou_sharing_p7_013_12
skip smogon_ou_sharing_p7_022_174: duplicate of smogon_ou_sharing_p7_013_13
skip smogon_ou_sharing_p7_022_175: duplicate of smogon_ou_sharing_p7_013_14
skip smogon_ou_sharing_p7_022_176: duplicate of smogon_ou_sharing_p7_013_15
skip smogon_ou_sharing_p7_022_177: duplicate of smogon_ou_sharing_p7_014_21
skip smogon_ou_sharing_p7_022_178: duplicate of smogon_ou_sharing_p7_014_23
skip smogon_ou_sharing_p7_022_179: duplicate of smogon_ou_sharing_p7_013_16
skip smogon_ou_sharing_p7_022_180: duplicate of smogon_ou_sharing_p7_013_17
skip smogon_ou_sharing_p7_022_181: duplicate of smogon_ou_sharing_p7_013_18
skip smogon_ou_sharing_p7_022_182: duplicate of smogon_ou_sharing_p7_004_42
skip smogon_ou_sharing_p7_022_183: duplicate of smogon_ou_sharing_p7_013_19
skip smogon_ou_sharing_p7_022_184: duplicate of smogon_ou_sharing_p6_048_209
skip smogon_ou_sharing_p7_022_185: duplicate of smogon_ou_sharing_p7_014_24
skip smogon_ou_sharing_p7_022_186: duplicate of smogon_ou_sharing_p7_014_25
skip smogon_ou_sharing_p7_022_187: duplicate of smogon_ou_sharing_p7_014_27
skip smogon_ou_sharing_p7_022_188: duplicate of smogon_ou_sharing_p7_014_28
skip smogon_ou_sharing_p7_022_189: duplicate of smogon_ou_sharing_p6_048_212
skip smogon_ou_sharing_p7_022_190: duplicate of smogon_ou_sharing_p7_007_113
skip smogon_ou_sharing_p7_022_191: duplicate of smogon_ou_sharing_p7_010_4
skip smogon_ou_sharing_p7_022_192: duplicate of smogon_ou_sharing_p7_010_5
skip smogon_ou_sharing_p7_022_193: duplicate of smogon_ou_sharing_p7_016_11
skip smogon_ou_sharing_p7_022_194: duplicate of smogon_ou_sharing_p7_016_14
skip smogon_ou_sharing_p7_022_195: duplicate of smogon_ou_sharing_p7_012_10
skip smogon_ou_sharing_p7_022_196: duplicate of smogon_ou_sharing_p7_012_11
skip smogon_ou_sharing_p7_022_197: duplicate of smogon_ou_sharing_p7_016_3
skip smogon_ou_sharing_p7_022_198: duplicate of smogon_ou_sharing_p7_016_4
skip smogon_ou_sharing_p7_022_199: duplicate of smogon_ou_sharing_p7_016_5
skip smogon_ou_sharing_p7_022_200: duplicate of smogon_ou_sharing_p7_016_6
skip smogon_ou_sharing_p7_022_201: duplicate of smogon_ou_sharing_p7_007_118
skip smogon_ou_sharing_p7_022_202: duplicate of smogon_ou_sharing_p7_016_7
skip smogon_ou_sharing_p7_022_203: duplicate of smogon_ou_sharing_p7_016_9
skip smogon_ou_sharing_p7_022_204: duplicate of smogon_ou_sharing_p7_016_8
skip smogon_ou_sharing_p7_022_205: duplicate of smogon_ou_sharing_p6_048_230
skip smogon_ou_sharing_p7_022_206: duplicate of smogon_ou_sharing_p7_016_13
skip smogon_ou_sharing_p7_022_207: duplicate of smogon_ou_sharing_p7_012_13
skip smogon_ou_sharing_p7_022_208: duplicate of smogon_ou_sharing_p7_012_12
skip smogon_ou_sharing_p7_022_209: duplicate of smogon_ou_sharing_p7_016_12
skip smogon_ou_sharing_p7_022_210: duplicate of smogon_ou_sharing_p7_007_119
skip smogon_ou_sharing_p7_022_211: duplicate of smogon_ou_sharing_p7_016_15
skip smogon_ou_sharing_p7_022_212: duplicate of smogon_ou_sharing_p7_011_1
skip smogon_ou_sharing_p7_022_214: duplicate of smogon_ou_sharing_p7_011_3
skip smogon_ou_sharing_p7_022_215: duplicate of smogon_ou_sharing_p7_011_5
skip smogon_ou_sharing_p7_022_216: duplicate of smogon_ou_sharing_p7_011_7
skip smogon_ou_sharing_p7_022_217: duplicate of smogon_ou_sharing_p6_048_246
skip smogon_ou_sharing_p7_022_218: duplicate of smogon_ou_sharing_p7_011_6
skip smogon_ou_sharing_p7_022_219: duplicate of smogon_ou_sharing_p7_011_9
skip smogon_ou_sharing_p7_022_220: duplicate of smogon_ou_sharing_p7_011_8
skip smogon_ou_sharing_p7_022_221: duplicate of smogon_ou_sharing_p7_011_10
skip smogon_ou_sharing_p7_022_222: duplicate of smogon_ou_sharing_p7_011_11
skip smogon_ou_sharing_p7_022_223: duplicate of smogon_ou_sharing_p7_010_6
skip smogon_ou_sharing_p7_022_224: duplicate of smogon_ou_sharing_p7_007_127
skip smogon_ou_sharing_p7_022_225: duplicate of smogon_ou_sharing_p7_014_26
skip smogon_ou_sharing_p7_022_226: duplicate of smogon_ou_sharing_p7_007_123
skip smogon_ou_sharing_p7_022_227: duplicate of smogon_ou_sharing_p7_013_21
skip smogon_ou_sharing_p7_022_228: duplicate of smogon_ou_sharing_p7_013_22
skip smogon_ou_sharing_p7_022_229: duplicate of smogon_ou_sharing_p7_013_23
skip smogon_ou_sharing_p7_022_230: duplicate of smogon_ou_sharing_p7_014_30
skip smogon_ou_sharing_p7_022_231: duplicate of smogon_ou_sharing_p7_014_29
skip smogon_ou_sharing_p7_022_232: duplicate of smogon_ou_sharing_p7_013_24
skip smogon_ou_sharing_p7_022_233: duplicate of smogon_ou_sharing_p7_013_25
skip smogon_ou_sharing_p7_022_234: duplicate of smogon_ou_sharing_p7_018_20
skip smogon_ou_sharing_p7_022_235: duplicate of smogon_ou_sharing_p7_018_21
skip smogon_ou_sharing_p7_022_236: duplicate of smogon_ou_sharing_p7_007_130
skip smogon_ou_sharing_p7_022_237: duplicate of smogon_ou_sharing_p7_006_47
skip smogon_ou_sharing_p7_022_238: duplicate of smogon_ou_sharing_p7_017_10
skip smogon_ou_sharing_p7_022_239: duplicate of smogon_ou_sharing_p7_018_22
skip smogon_ou_sharing_p7_022_240: duplicate of smogon_ou_sharing_p7_020_11
skip smogon_ou_sharing_p7_022_241: duplicate of smogon_ou_sharing_p7_009_49
skip smogon_ou_sharing_p7_022_242: duplicate of smogon_ou_sharing_p7_020_12
skip smogon_ou_sharing_p7_022_243: duplicate of smogon_ou_sharing_p7_018_23
skip smogon_ou_sharing_p7_022_244: duplicate of smogon_ou_sharing_p7_018_24
skip smogon_ou_sharing_p7_022_245: duplicate of smogon_ou_sharing_p7_020_13
skip smogon_ou_sharing_p7_022_246: duplicate of smogon_ou_sharing_p7_007_79
skip smogon_ou_sharing_p7_022_247: duplicate of smogon_ou_sharing_p7_017_11
skip smogon_ou_sharing_p7_022_248: duplicate of smogon_ou_sharing_p7_009_51
skip smogon_ou_sharing_p7_022_249: duplicate of smogon_ou_sharing_p7_017_12
skip smogon_ou_sharing_p7_022_250: duplicate of smogon_ou_sharing_p7_017_15
skip smogon_ou_sharing_p7_022_251: duplicate of smogon_ou_sharing_p7_009_52
skip smogon_ou_sharing_p7_022_252: duplicate of smogon_ou_sharing_p7_017_14
skip smogon_ou_sharing_p7_022_253: duplicate of smogon_ou_sharing_p7_017_16
skip smogon_ou_sharing_p7_022_254: duplicate of smogon_ou_sharing_p7_017_13
skip smogon_ou_sharing_p7_022_255: duplicate of smogon_ou_sharing_p7_009_53
skip smogon_ou_sharing_p7_022_256: duplicate of smogon_ou_sharing_p7_007_133
skip smogon_ou_sharing_p7_022_257: duplicate of smogon_ou_sharing_p7_018_25
skip smogon_ou_sharing_p7_022_258: duplicate of smogon_ou_sharing_p7_018_26
skip smogon_ou_sharing_p7_022_259: duplicate of smogon_ou_sharing_p7_018_27
skip smogon_ou_sharing_p7_022_260: duplicate of smogon_ou_sharing_p7_006_46
skip smogon_ou_sharing_p7_022_261: duplicate of smogon_ou_sharing_p7_018_29
skip smogon_ou_sharing_p7_022_262: duplicate of smogon_ou_sharing_p7_018_30
skip smogon_ou_sharing_p7_034_11: duplicate of smogon_ou_sharing_p7_034_3
skip smogon_ou_sharing_p7_034_22: duplicate of smogon_ou_sharing_p7_034_1
skip smogon_ou_sharing_p7_034_23 (356a54203c1093be.txt): unresolved item 'Toxic Orb'
skip smogon_ou_sharing_p8_003_23: duplicate of smogon_ou_sharing_p8_003_14
skip smogon_ou_sharing_p8_003_24: duplicate of smogon_ou_sharing_p8_003_4
skip smogon_ou_sharing_p9_017_61: duplicate of smogon_ou_sharing_p7_018_7
skip smogon_ou_sharing_p9_017_79: duplicate of smogon_ou_sharing_p7_020_7
skip smogon_ou_sharing_p9_017_86: duplicate of smogon_ou_sharing_p7_009_21
skip smogon_ou_sharing_p9_017_127: duplicate of smogon_ou_sharing_p6_015_32
skip smogon_ou_sharing_p9_017_141: duplicate of smogon_ou_sharing_p7_014_16
skip smogon_ou_sharing_p9_017_149: duplicate of smogon_ou_sharing_p7_005_20
skip smogon_ou_sharing_p9_017_186: duplicate of smogon_ou_sharing_p7_007_75
skip smogon_ou_sharing_p9_017_205 (65b0caf29dad7925.txt): unresolved move 'resr'
skip smogon_ou_sharing_p9_017_218: duplicate of smogon_ou_sharing_p7_019_10
skip smogon_ou_sharing_p9_017_224: duplicate of smogon_ou_sharing_p7_019_11
skip smogon_ou_sharing_p9_017_234: duplicate of smogon_ou_sharing_p7_019_14
skip smogon_ou_sharing_p9_017_259 (65b0caf29dad7925.txt): unresolved species 'Bulky Mix Tar'
skip smogon_ou_sharing_p9_017_270: duplicate of smogon_ou_sharing_p7_012_9
skip smogon_ou_sharing_p9_017_282: duplicate of smogon_ou_sharing_p7_014_1
skip smogon_ou_sharing_p9_017_301: duplicate of smogon_ou_sharing_p7_010_4
skip smogon_ou_sharing_p9_017_302: duplicate of smogon_ou_sharing_p7_010_5
skip smogon_ou_sharing_p9_017_305: duplicate of smogon_ou_sharing_p7_016_3
skip smogon_ou_sharing_p9_017_309: duplicate of smogon_ou_sharing_p7_011_1
skip smogon_ou_sharing_p9_017_311: duplicate of smogon_ou_sharing_p7_022_213
skip smogon_ou_sharing_p9_017_320: duplicate of smogon_ou_sharing_p7_011_10
skip smogon_ou_sharing_p9_018_35: duplicate of smogon_ou_sharing_p9_017_1
skip smogon_ou_sharing_p9_018_36: duplicate of smogon_ou_sharing_p9_017_2
skip smogon_ou_sharing_p9_018_37: duplicate of smogon_ou_sharing_p9_017_3
skip smogon_ou_sharing_p9_018_38: duplicate of smogon_ou_sharing_p9_017_4
skip smogon_ou_sharing_p9_018_39: duplicate of smogon_ou_sharing_p9_017_8
skip smogon_ou_sharing_p9_018_40: duplicate of smogon_ou_sharing_p9_017_9
skip smogon_ou_sharing_p9_018_42: duplicate of smogon_ou_sharing_p9_017_11
skip smogon_ou_sharing_p9_018_47: duplicate of smogon_ou_sharing_p9_017_23
skip smogon_ou_sharing_p9_018_59: duplicate of smogon_ou_sharing_p9_017_116
skip smogon_ou_sharing_p9_018_66: duplicate of smogon_ou_sharing_p9_017_52
skip smogon_ou_sharing_p9_018_67: duplicate of smogon_ou_sharing_p9_017_57
skip smogon_ou_sharing_p9_018_71: duplicate of smogon_ou_sharing_p9_017_60
skip smogon_ou_sharing_p9_018_79: duplicate of smogon_ou_sharing_p9_017_68
skip smogon_ou_sharing_p9_018_80: duplicate of smogon_ou_sharing_p9_017_69
skip smogon_ou_sharing_p9_018_82: duplicate of smogon_ou_sharing_p9_017_72
skip smogon_ou_sharing_p9_018_83: duplicate of smogon_ou_sharing_p9_017_78
skip smogon_ou_sharing_p9_018_86: duplicate of smogon_ou_sharing_p9_017_82
skip smogon_ou_sharing_p9_018_88: duplicate of smogon_ou_sharing_p9_017_83
skip smogon_ou_sharing_p9_018_90: duplicate of smogon_ou_sharing_p9_017_85
skip smogon_ou_sharing_p9_018_91: duplicate of smogon_ou_sharing_p7_009_21
skip smogon_ou_sharing_p9_018_92: duplicate of smogon_ou_sharing_p9_017_87
skip smogon_ou_sharing_p9_018_93: duplicate of smogon_ou_sharing_p9_017_88
skip smogon_ou_sharing_p9_018_96: duplicate of smogon_ou_sharing_p9_017_94
skip smogon_ou_sharing_p9_018_97: duplicate of smogon_ou_sharing_p9_017_95
skip smogon_ou_sharing_p9_018_106: duplicate of smogon_ou_sharing_p9_017_100
skip smogon_ou_sharing_p9_018_124: duplicate of smogon_ou_sharing_p9_017_121
skip smogon_ou_sharing_p9_018_126: duplicate of smogon_ou_sharing_p9_017_132
skip smogon_ou_sharing_p9_018_128: duplicate of smogon_ou_sharing_p9_017_130
skip smogon_ou_sharing_p9_018_133: duplicate of smogon_ou_sharing_p9_017_139
skip smogon_ou_sharing_p9_018_134: duplicate of smogon_ou_sharing_p9_017_144
skip smogon_ou_sharing_p9_018_135: duplicate of smogon_ou_sharing_p9_017_145
skip smogon_ou_sharing_p9_018_136: duplicate of smogon_ou_sharing_p9_017_147
skip smogon_ou_sharing_p9_018_137: duplicate of smogon_ou_sharing_p9_017_148
skip smogon_ou_sharing_p9_018_138: duplicate of smogon_ou_sharing_p7_005_20
skip smogon_ou_sharing_p9_018_146: duplicate of smogon_ou_sharing_p9_017_151
skip smogon_ou_sharing_p9_018_154: duplicate of smogon_ou_sharing_p9_017_158
skip smogon_ou_sharing_p9_018_155: duplicate of smogon_ou_sharing_p9_017_160
skip smogon_ou_sharing_p9_018_156: duplicate of smogon_ou_sharing_p9_017_161
skip smogon_ou_sharing_p9_018_158: duplicate of smogon_ou_sharing_p9_017_162
skip smogon_ou_sharing_p9_018_159: duplicate of smogon_ou_sharing_p9_017_163
skip smogon_ou_sharing_p9_018_160: duplicate of smogon_ou_sharing_p9_017_164
skip smogon_ou_sharing_p9_018_163: duplicate of smogon_ou_sharing_p9_017_167
skip smogon_ou_sharing_p9_018_164: duplicate of smogon_ou_sharing_p9_017_168
skip smogon_ou_sharing_p9_018_165: duplicate of smogon_ou_sharing_p9_017_276
skip smogon_ou_sharing_p9_018_166: duplicate of smogon_ou_sharing_p9_017_169
skip smogon_ou_sharing_p9_018_167: duplicate of smogon_ou_sharing_p9_017_170
skip smogon_ou_sharing_p9_018_170: duplicate of smogon_ou_sharing_p9_017_174
skip smogon_ou_sharing_p9_018_172: duplicate of smogon_ou_sharing_p9_017_176
skip smogon_ou_sharing_p9_018_173: duplicate of smogon_ou_sharing_p9_017_177
skip smogon_ou_sharing_p9_018_175: duplicate of smogon_ou_sharing_p9_017_179
skip smogon_ou_sharing_p9_018_176: duplicate of smogon_ou_sharing_p9_017_180
skip smogon_ou_sharing_p9_018_177: duplicate of smogon_ou_sharing_p9_017_181
skip smogon_ou_sharing_p9_018_179: duplicate of smogon_ou_sharing_p9_017_185
skip smogon_ou_sharing_p9_018_180: duplicate of smogon_ou_sharing_p7_007_75
skip smogon_ou_sharing_p9_018_183: duplicate of smogon_ou_sharing_p9_017_183
skip smogon_ou_sharing_p9_018_184: duplicate of smogon_ou_sharing_p9_017_190
skip smogon_ou_sharing_p9_018_185: duplicate of smogon_ou_sharing_p9_017_192
skip smogon_ou_sharing_p9_018_186: duplicate of smogon_ou_sharing_p9_017_200
skip smogon_ou_sharing_p9_018_187: duplicate of smogon_ou_sharing_p9_017_194
skip smogon_ou_sharing_p9_018_189: duplicate of smogon_ou_sharing_p9_017_197
skip smogon_ou_sharing_p9_018_191: duplicate of smogon_ou_sharing_p9_017_189
skip smogon_ou_sharing_p9_018_194: duplicate of smogon_ou_sharing_p9_017_201
skip smogon_ou_sharing_p9_018_195: duplicate of smogon_ou_sharing_p9_017_203
skip smogon_ou_sharing_p9_018_197: duplicate of smogon_ou_sharing_p9_017_207
skip smogon_ou_sharing_p9_018_198: duplicate of smogon_ou_sharing_p9_017_208
skip smogon_ou_sharing_p9_018_199: duplicate of smogon_ou_sharing_p9_017_210
skip smogon_ou_sharing_p9_018_203: duplicate of smogon_ou_sharing_p9_017_212
skip smogon_ou_sharing_p9_018_204: duplicate of smogon_ou_sharing_p9_017_213
skip smogon_ou_sharing_p9_018_209: duplicate of smogon_ou_sharing_p7_019_10
skip smogon_ou_sharing_p9_018_210: duplicate of smogon_ou_sharing_p9_017_219
skip smogon_ou_sharing_p9_018_213: duplicate of smogon_ou_sharing_p9_017_223
skip smogon_ou_sharing_p9_018_215: duplicate of smogon_ou_sharing_p9_017_227
skip smogon_ou_sharing_p9_018_217: duplicate of smogon_ou_sharing_p9_017_230
skip smogon_ou_sharing_p9_018_218: duplicate of smogon_ou_sharing_p9_017_231
skip smogon_ou_sharing_p9_018_219: duplicate of smogon_ou_sharing_p9_017_232
skip smogon_ou_sharing_p9_018_220: duplicate of smogon_ou_sharing_p9_017_233
skip smogon_ou_sharing_p9_018_221: duplicate of smogon_ou_sharing_p7_019_14
skip smogon_ou_sharing_p9_018_222: duplicate of smogon_ou_sharing_p9_017_236
skip smogon_ou_sharing_p9_018_223: duplicate of smogon_ou_sharing_p9_017_237
skip smogon_ou_sharing_p9_018_224: duplicate of smogon_ou_sharing_p9_017_238
skip smogon_ou_sharing_p9_018_226: duplicate of smogon_ou_sharing_p9_017_243
skip smogon_ou_sharing_p9_018_229: duplicate of smogon_ou_sharing_p9_017_246
skip smogon_ou_sharing_p9_018_230: duplicate of smogon_ou_sharing_p9_017_247
skip smogon_ou_sharing_p9_018_231: duplicate of smogon_ou_sharing_p9_017_248
skip smogon_ou_sharing_p9_018_232: duplicate of smogon_ou_sharing_p9_017_249
skip smogon_ou_sharing_p9_018_233: duplicate of smogon_ou_sharing_p9_017_251
skip smogon_ou_sharing_p9_018_234: duplicate of smogon_ou_sharing_p9_017_252
skip smogon_ou_sharing_p9_018_235: duplicate of smogon_ou_sharing_p9_017_253
skip smogon_ou_sharing_p9_018_236: duplicate of smogon_ou_sharing_p9_017_254
skip smogon_ou_sharing_p9_018_241 (4a0750d0ffe4888e.txt): unresolved species 'Bulky Mix Tar'
skip smogon_ou_sharing_p9_018_245: duplicate of smogon_ou_sharing_p9_017_263
skip smogon_ou_sharing_p9_018_246: duplicate of smogon_ou_sharing_p9_017_264
skip smogon_ou_sharing_p9_018_248: duplicate of smogon_ou_sharing_p7_012_9
skip smogon_ou_sharing_p9_018_249: duplicate of smogon_ou_sharing_p9_017_272
skip smogon_ou_sharing_p9_018_253: duplicate of smogon_ou_sharing_p9_017_278
skip smogon_ou_sharing_p9_018_254: duplicate of smogon_ou_sharing_p9_017_281
skip smogon_ou_sharing_p9_018_255: duplicate of smogon_ou_sharing_p7_014_1
skip smogon_ou_sharing_p9_018_256: duplicate of smogon_ou_sharing_p9_017_283
skip smogon_ou_sharing_p9_018_257: duplicate of smogon_ou_sharing_p9_017_284
skip smogon_ou_sharing_p9_018_259: duplicate of smogon_ou_sharing_p9_017_286
skip smogon_ou_sharing_p9_018_261: duplicate of smogon_ou_sharing_p9_017_288
skip smogon_ou_sharing_p9_018_262: duplicate of smogon_ou_sharing_p9_017_289
skip smogon_ou_sharing_p9_018_263: duplicate of smogon_ou_sharing_p9_017_291
skip smogon_ou_sharing_p9_018_266: duplicate of smogon_ou_sharing_p9_017_294
skip smogon_ou_sharing_p9_018_267: duplicate of smogon_ou_sharing_p9_017_296
skip smogon_ou_sharing_p9_018_268: duplicate of smogon_ou_sharing_p9_017_297
skip smogon_ou_sharing_p9_018_270: duplicate of smogon_ou_sharing_p9_017_304
skip smogon_ou_sharing_p9_018_271: duplicate of smogon_ou_sharing_p9_017_308
skip smogon_ou_sharing_p9_018_273: duplicate of smogon_ou_sharing_p7_011_1
skip smogon_ou_sharing_p9_018_276: duplicate of smogon_ou_sharing_p7_022_213
skip smogon_ou_sharing_p9_018_277: duplicate of smogon_ou_sharing_p9_017_312
skip smogon_ou_sharing_p9_018_280: duplicate of smogon_ou_sharing_p9_017_316
skip smogon_ou_sharing_p9_018_283: duplicate of smogon_ou_sharing_p9_017_321
skip smogon_ou_sharing_p9_018_284: duplicate of smogon_ou_sharing_p9_017_322
skip smogon_ou_sharing_p9_018_286: duplicate of smogon_ou_sharing_p9_017_325
skip smogon_ou_sharing_p9_018_289: duplicate of smogon_ou_sharing_p9_017_332
skip smogon_ou_sharing_p9_018_290: duplicate of smogon_ou_sharing_p9_017_336
skip smogon_ou_sharing_p9_018_291: duplicate of smogon_ou_sharing_p9_017_337
skip smogon_ou_sharing_p9_018_296: duplicate of smogon_ou_sharing_p9_017_341
skip smogon_ou_sharing_p9_018_297: duplicate of smogon_ou_sharing_p9_017_343
skip smogon_ou_sharing_p9_018_299: duplicate of smogon_ou_sharing_p9_017_345
skip smogon_ou_sharing_p9_018_300: duplicate of smogon_ou_sharing_p9_017_349
skip smogon_ou_sharing_p9_018_301: duplicate of smogon_ou_sharing_p9_017_350
skip smogon_ou_sharing_p9_018_302: duplicate of smogon_ou_sharing_p9_017_351
skip smogon_ou_sharing_p9_018_303: duplicate of smogon_ou_sharing_p9_017_354
skip smogon_ou_sharing_p9_018_305: duplicate of smogon_ou_sharing_p9_017_356
skip smogon_ou_sharing_p9_018_306: duplicate of smogon_ou_sharing_p9_017_358
skip smogon_ou_sharing_p9_018_323: duplicate of smogon_ou_sharing_p9_017_385
skip smogon_ou_sharing_p9_018_324: duplicate of smogon_ou_sharing_p9_017_386
skip smogon_ou_sharing_p9_018_326: duplicate of smogon_ou_sharing_p9_017_387
skip smogon_ou_sharing_p9_018_328: duplicate of smogon_ou_sharing_p9_017_391
skip smogon_ou_sharing_p9_018_333: duplicate of smogon_ou_sharing_p9_017_397
skip smogon_ou_sharing_p9_034: duplicate of smogon_ou_sharing_p9_033_1
skip smogon_ou_sharing_p9_037: duplicate of smogon_ou_sharing_p9_033_4
skip smogon_ou_sharing_p9_039: duplicate of smogon_ou_sharing_p9_033_6
skip smogon_ou_sharing_p9_040: duplicate of smogon_ou_sharing_p9_033_7
skip smogon_ou_sharing_p9_041: duplicate of smogon_ou_sharing_p9_033_8
skip smogon_ou_sharing_p9_044: duplicate of smogon_ou_sharing_p9_033_11
skip smogon_ou_sharing_p10_009_2: duplicate of smogon_ou_sharing_p6_020_1
skip smogon_ou_sharing_p10_009_7: duplicate of smogon_ou_sharing_p6_016_130
skip smogon_ou_sharing_p10_009_17: duplicate of smogon_ou_sharing_p6_016_209
skip smogon_ou_sharing_p10_010_1: duplicate of smogon_ou_sharing_p10_009_15
skip smogon_ou_sharing_p10_010_2: duplicate of smogon_ou_sharing_p6_020_1
skip smogon_ou_sharing_p10_010_3: duplicate of smogon_ou_sharing_p10_009_21
skip smogon_ou_sharing_p10_011_1: duplicate of smogon_ou_sharing_p6_020_1
skip smogon_ou_sharing_p10_011_4: duplicate of smogon_ou_sharing_p10_009_15
skip smogon_ou_sharing_p10_011_6: duplicate of smogon_ou_sharing_p10_010_8
skip smogon_ou_sharing_p10_011_22: duplicate of smogon_ou_sharing_p6_017
skip smogon_ou_sharing_p10_011_24: duplicate of smogon_ou_sharing_p6_016_130
skip smogon_ou_sharing_p10_011_31: duplicate of smogon_ou_sharing_p10_009_1
skip smogon_ou_sharing_p10_012_30: duplicate of smogon_ou_sharing_p6_040
skip smogon_ou_sharing_p10_012_34: duplicate of smogon_ou_sharing_p6_018
skip smogon_ou_sharing_p10_012_35: duplicate of smogon_ou_sharing_p6_020_4
skip smogon_ou_sharing_p10_012_44 (54c7c1ab0f023bc8.txt): unresolved item 'Life Orb'
skip smogon_ou_sharing_p10_012_45 (54c7c1ab0f023bc8.txt): unresolved item 'Custap Berry'
skip smogon_ou_sharing_p10_012_46 (54c7c1ab0f023bc8.txt): unresolved item 'Focus Sash'
skip smogon_ou_sharing_p10_012_47 (54c7c1ab0f023bc8.txt): unresolved item 'Clear Amulet'
skip smogon_ou_sharing_p10_012_55: duplicate of smogon_ou_sharing_p6_037
skip smogon_ou_sharing_p10_012_56: duplicate of smogon_ou_sharing_p6_022
skip smogon_ou_sharing_p10_012_86: duplicate of smogon_ou_sharing_p5_051
skip smogon_ou_sharing_p10_012_87: duplicate of smogon_ou_sharing_p10_011_10
skip smogon_ou_sharing_p10_012_109: duplicate of smogon_ou_sharing_p6_034
skip smogon_ou_sharing_p10_012_123: duplicate of smogon_ou_sharing_p10_012_120
skip smogon_ou_sharing_p10_012_128 (54c7c1ab0f023bc8.txt): unresolved item 'Shuca Berry'
skip smogon_ou_sharing_p10_012_139 (54c7c1ab0f023bc8.txt): unresolved species 'Klefki'
skip smogon_ou_sharing_p10_012_141 (54c7c1ab0f023bc8.txt): unresolved species 'Roserade'
skip smogon_ou_sharing_p10_012_142 (54c7c1ab0f023bc8.txt): unresolved species 'Gliscor'
skip smogon_ou_sharing_p10_012_145 (54c7c1ab0f023bc8.txt): unresolved species 'Froslass'
skip smogon_ou_sharing_p10_012_161: duplicate of smogon_ou_sharing_p6_016_1109
skip smogon_ou_sharing_p10_012_170: duplicate of smogon_ou_sample_046
skip smogon_ou_sharing_p10_012_184: duplicate of smogon_ou_sharing_p6_016_222
skip smogon_ou_sharing_p10_012_202: duplicate of smogon_ou_sharing_p5_115
skip smogon_ou_sharing_p10_012_212: duplicate of smogon_ou_sharing_p6_020_2
skip smogon_ou_sharing_p10_012_220: duplicate of smogon_ou_sharing_p6_020_3
skip smogon_ou_sharing_p10_012_228: duplicate of smogon_ou_sharing_p10_009_15
skip smogon_ou_sharing_p10_012_233: duplicate of smogon_ou_sharing_p6_016_222
skip smogon_ou_sharing_p10_012_239: duplicate of smogon_ou_sharing_p6_018
skip smogon_ou_sharing_p10_012_247: duplicate of smogon_ou_sharing_p10_011_17
skip smogon_ou_sharing_p10_012_252: duplicate of smogon_ou_sharing_p10_009_1
skip smogon_ou_sharing_p10_012_262: duplicate of smogon_ou_sharing_p10_011_11
skip smogon_ou_sharing_p10_012_265: duplicate of smogon_ou_sharing_p10_011_3
skip smogon_ou_sharing_p10_012_267: duplicate of smogon_ou_sharing_p10_011_2
skip smogon_ou_sharing_p10_012_273: duplicate of smogon_ou_sharing_p10_011_12
skip smogon_ou_sharing_p10_012_275: duplicate of smogon_ou_sharing_p10_011_13
skip smogon_ou_sharing_p10_012_280: duplicate of smogon_ou_sharing_p10_011_9
skip smogon_ou_sharing_p10_012_306: duplicate of smogon_ou_sharing_p10_011_7
skip smogon_ou_sharing_p10_012_309: duplicate of smogon_ou_sharing_p10_011_30
skip smogon_ou_sharing_p10_012_319: duplicate of smogon_ou_sharing_p10_009_21
skip smogon_ou_sharing_p10_012_323: duplicate of smogon_ou_sharing_p10_009_20
skip smogon_ou_sharing_p10_012_327: duplicate of smogon_ou_sharing_p10_010_4
skip smogon_ou_sharing_p10_012_329: duplicate of smogon_ou_sharing_p10_009_24
skip smogon_ou_sharing_p10_012_331: duplicate of smogon_ou_sharing_p10_009_14
skip smogon_ou_sharing_p10_012_340: duplicate of smogon_ou_sharing_p10_009_23
skip smogon_ou_sharing_p10_012_350: duplicate of smogon_ou_sharing_p10_009_13
skip smogon_ou_sharing_p10_012_352: duplicate of smogon_ou_sharing_p10_009_12
skip smogon_ou_sharing_p10_012_354: duplicate of smogon_ou_sharing_p10_012_63
skip smogon_ou_sharing_p10_012_375: duplicate of smogon_ou_sharing_p6_019
skip smogon_ou_sharing_p10_012_382: duplicate of smogon_ou_sharing_p6_020_9
skip smogon_ou_sharing_p10_012_383: duplicate of smogon_ou_sharing_p6_020_8
skip smogon_ou_sharing_p10_012_387: duplicate of smogon_ou_sharing_p6_036
skip smogon_ou_sharing_p10_012_389: duplicate of smogon_ou_sharing_p6_016_218
skip smogon_ou_sharing_p10_012_394: duplicate of smogon_ou_sharing_p10_009_9
skip smogon_ou_sharing_p10_012_398: duplicate of smogon_ou_sharing_p10_012_337
skip smogon_ou_sharing_p10_012_399: duplicate of smogon_ou_sharing_p10_010_6
skip smogon_ou_sharing_p10_012_408: duplicate of smogon_ou_sharing_p5_046
skip smogon_ou_sharing_p10_012_410: duplicate of smogon_ou_sharing_p6_016_208
skip smogon_ou_sharing_p10_012_415: duplicate of smogon_ou_sharing_p6_016_76
skip smogon_ou_sharing_p10_012_416: duplicate of smogon_ou_sharing_p6_016_222
skip smogon_ou_sharing_p10_012_419: duplicate of smogon_ou_sharing_p6_020_1
skip smogon_ou_sharing_p10_012_421: duplicate of smogon_ou_sharing_p10_009_3
skip smogon_ou_sharing_p10_012_422: duplicate of smogon_ou_sharing_p10_009_16
skip smogon_ou_sharing_p10_012_423: duplicate of smogon_ou_sharing_p6_016_209
skip smogon_ou_sharing_p10_012_432: duplicate of smogon_ou_sharing_p6_016_212
skip smogon_ou_sharing_p10_012_448: duplicate of smogon_ou_sharing_p10_010_7
skip smogon_ou_sharing_p10_012_455: duplicate of smogon_ou_sharing_p6_016_197
skip smogon_ou_sharing_p10_012_478: duplicate of smogon_ou_sharing_p10_009_10
skip smogon_ou_sharing_p10_012_491: duplicate of smogon_ou_sharing_p6_016_219
skip smogon_ou_sharing_p10_012_511: duplicate of smogon_ou_sharing_p5_075
skip smogon_ou_sharing_p10_012_524: duplicate of smogon_ou_sharing_p5_108
skip smogon_ou_sharing_p10_013_1: duplicate of smogon_ou_sharing_p10_012_199
skip smogon_ou_sharing_p10_013_2: duplicate of smogon_ou_sharing_p10_012_1
skip smogon_ou_sharing_p10_013_3: duplicate of smogon_ou_sharing_p10_012_200
skip smogon_ou_sharing_p10_013_4: duplicate of smogon_ou_sharing_p10_012_203
skip smogon_ou_sharing_p10_013_5: duplicate of smogon_ou_sharing_p10_012_210
skip smogon_ou_sharing_p10_013_6: duplicate of smogon_ou_sharing_p6_020_2
skip smogon_ou_sharing_p10_013_7: duplicate of smogon_ou_sharing_p10_012_215
skip smogon_ou_sharing_p10_013_8: duplicate of smogon_ou_sharing_p10_012_73
skip smogon_ou_sharing_p10_013_11: duplicate of smogon_ou_sharing_p10_012_216
skip smogon_ou_sharing_p10_013_12: duplicate of smogon_ou_sharing_p10_012_219
skip smogon_ou_sharing_p10_013_13: duplicate of smogon_ou_sharing_p10_012_218
skip smogon_ou_sharing_p10_013_16: duplicate of smogon_ou_sharing_p10_012_222
skip smogon_ou_sharing_p10_013_17: duplicate of smogon_ou_sharing_p10_012_238
skip smogon_ou_sharing_p10_013_18: duplicate of smogon_ou_sharing_p6_018
skip smogon_ou_sharing_p10_013_21: duplicate of smogon_ou_sharing_p10_012_241
skip smogon_ou_sharing_p10_013_22: duplicate of smogon_ou_sharing_p10_012_242
skip smogon_ou_sharing_p10_013_23: duplicate of smogon_ou_sharing_p10_012_258
skip smogon_ou_sharing_p10_013_24: duplicate of smogon_ou_sharing_p10_012_260
skip smogon_ou_sharing_p10_013_25: duplicate of smogon_ou_sharing_p10_012_261
skip smogon_ou_sharing_p10_013_26: duplicate of smogon_ou_sharing_p10_012_290
skip smogon_ou_sharing_p10_013_27: duplicate of smogon_ou_sharing_p10_012_291
skip smogon_ou_sharing_p10_013_28: duplicate of smogon_ou_sharing_p10_012_292
skip smogon_ou_sharing_p10_013_29: duplicate of smogon_ou_sharing_p10_012_294
skip smogon_ou_sharing_p10_013_30: duplicate of smogon_ou_sharing_p10_012_296
skip smogon_ou_sharing_p10_013_31: duplicate of smogon_ou_sharing_p10_012_298
skip smogon_ou_sharing_p10_013_32: duplicate of smogon_ou_sharing_p10_012_299
skip smogon_ou_sharing_p10_014_1: duplicate of smogon_ou_sharing_p10_012_353
skip smogon_ou_sharing_p10_014_2: duplicate of smogon_ou_sharing_p10_012_63
skip smogon_ou_sharing_p10_014_3: duplicate of smogon_ou_sharing_p10_012_357
skip smogon_ou_sharing_p10_014_4: duplicate of smogon_ou_sharing_p10_012_359
skip smogon_ou_sharing_p10_014_5: duplicate of smogon_ou_sharing_p10_012_360
skip smogon_ou_sharing_p10_014_6: duplicate of smogon_ou_sharing_p10_012_367
skip smogon_ou_sharing_p10_014_7: duplicate of smogon_ou_sharing_p10_012_370
skip smogon_ou_sharing_p10_014_8: duplicate of smogon_ou_sharing_p10_012_372
skip smogon_ou_sharing_p10_014_9: duplicate of smogon_ou_sharing_p10_012_373
skip smogon_ou_sharing_p10_014_11: duplicate of smogon_ou_sharing_p6_019
skip smogon_ou_sharing_p10_014_12: duplicate of smogon_ou_sharing_p10_012_376
skip smogon_ou_sharing_p10_014_13: duplicate of smogon_ou_sharing_p10_012_380
skip smogon_ou_sharing_p10_014_14: duplicate of smogon_ou_sharing_p10_012_381
skip smogon_ou_sharing_p10_014_15: duplicate of smogon_ou_sharing_p6_020_9
skip smogon_ou_sharing_p10_014_16: duplicate of smogon_ou_sharing_p6_020_8
skip smogon_ou_sharing_p10_014_17: duplicate of smogon_ou_sharing_p10_012_385
skip smogon_ou_sharing_p10_014_18: duplicate of smogon_ou_sharing_p10_012_386
skip smogon_ou_sharing_p10_014_19: duplicate of smogon_ou_sharing_p6_036
skip smogon_ou_sharing_p10_014_23: duplicate of smogon_ou_sharing_p10_012_390
skip smogon_ou_sharing_p10_014_24: duplicate of smogon_ou_sharing_p10_012_391
skip smogon_ou_sharing_p10_015_6: duplicate of smogon_ou_sharing_p10_012_294
skip smogon_ou_sharing_p10_015_34: duplicate of smogon_ou_sharing_p7_037
skip smogon_ou_sharing_p10_015_51: duplicate of smogon_ou_sharing_p9_017_1
skip smogon_ou_sharing_p10_015_64: duplicate of smogon_ou_sharing_p10_012_219
skip smogon_ou_sharing_p10_015_69: duplicate of smogon_ou_sharing_p10_015_58
skip smogon_ou_sharing_p10_015_70: duplicate of smogon_ou_sharing_p9_017_25
skip smogon_ou_sharing_p10_015_100: duplicate of smogon_ou_sharing_p9_017_14
skip smogon_ou_sharing_p10_015_102: duplicate of smogon_ou_sharing_p9_017_44
skip smogon_ou_sharing_p10_015_106: duplicate of smogon_ou_sharing_p9_017_28
skip smogon_ou_sharing_p10_015_107: duplicate of smogon_ou_sharing_p10_012_360
skip smogon_ou_sharing_p10_015_109: duplicate of smogon_ou_sharing_p10_015_61
skip smogon_ou_sharing_p10_015_127: duplicate of smogon_ou_sharing_p7_041
skip smogon_ou_sharing_p10_015_140: duplicate of smogon_ou_sharing_p10_012_370
skip smogon_ou_sharing_p10_015_173: duplicate of smogon_ou_sharing_p7_042
skip smogon_ou_sharing_p10_015_193: duplicate of smogon_ou_sharing_p7_047
skip smogon_ou_sharing_p10_015_194: duplicate of smogon_ou_sharing_p7_046
skip smogon_ou_sharing_p10_015_195: duplicate of smogon_ou_sharing_p7_045
skip smogon_ou_sharing_p10_015_203: duplicate of smogon_ou_sharing_p7_042
skip smogon_ou_sharing_p10_015_236: duplicate of smogon_ou_sharing_p10_015_27
skip smogon_ou_sharing_p10_015_238: duplicate of smogon_ou_sharing_p7_007_79
skip smogon_ou_sharing_p10_015_257: duplicate of smogon_ou_sharing_p7_043
skip smogon_ou_sharing_p10_015_259: duplicate of smogon_ou_sample_017
skip smogon_ou_sharing_p10_015_262: duplicate of smogon_ou_sharing_p10_012_357
skip smogon_ou_sharing_p10_015_295: duplicate of smogon_ou_sharing_p10_012_238
skip smogon_ou_sharing_p10_015_300: duplicate of smogon_ou_sharing_p6_020_8
skip smogon_ou_sharing_p10_015_305: duplicate of smogon_ou_sharing_p10_012_240
skip smogon_ou_sharing_p10_015_308: duplicate of smogon_ou_sharing_p10_012_376
skip smogon_ou_sharing_p10_015_315: duplicate of smogon_ou_sharing_p6_019
skip smogon_ou_sharing_p10_015_319: duplicate of smogon_ou_sharing_p10_012_370
skip smogon_ou_sharing_p10_015_321: duplicate of smogon_ou_sharing_p10_012_360
skip smogon_ou_sharing_p10_015_325: duplicate of smogon_ou_sharing_p10_015_143
skip smogon_ou_sharing_p10_015_326: duplicate of smogon_ou_sharing_p10_015_142
skip smogon_ou_sharing_p10_015_329: duplicate of smogon_ou_sharing_p10_015_156
skip smogon_ou_sharing_p10_015_337: duplicate of smogon_ou_sharing_p10_015_181
skip smogon_ou_sharing_p10_015_339: duplicate of smogon_ou_sharing_p10_015_113
skip smogon_ou_sharing_p10_015_344: duplicate of smogon_ou_sharing_p10_015_114
skip smogon_ou_sharing_p10_015_345: duplicate of smogon_ou_sharing_p10_015_115
skip smogon_ou_sharing_p10_015_349: duplicate of smogon_ou_sharing_p10_015_118
skip smogon_ou_sharing_p10_015_353: duplicate of smogon_ou_sharing_p10_015_65
skip smogon_ou_sharing_p10_015_361: duplicate of smogon_ou_sharing_p10_013_19
skip smogon_ou_sharing_p10_015_362: duplicate of smogon_ou_sharing_p10_015_292
skip smogon_ou_sharing_p10_015_366: duplicate of smogon_ou_sharing_p10_012_216
skip smogon_ou_sharing_p10_015_368: duplicate of smogon_ou_sharing_p6_034
skip smogon_ou_sharing_p10_015_369: duplicate of smogon_ou_sharing_p10_013_14
skip smogon_ou_sharing_p10_015_375: duplicate of smogon_ou_sharing_p10_012_296
skip smogon_ou_sharing_p10_015_388: duplicate of smogon_ou_sharing_p10_015_177
skip smogon_ou_sharing_p10_015_392: duplicate of smogon_ou_sharing_p10_015_258
skip smogon_ubers_sample_5922782: duplicate of smogon_ubers_sample_5922720_1
skip smogon_ubers_sample_5923447: duplicate of smogon_ubers_sample_5922720_2
skip smogon_ubers_sample_5924112: duplicate of smogon_ubers_sample_5922720_3
skip smogon_ubers_sample_5924854: duplicate of smogon_ubers_sample_5922720_2
skip smogon_ubers_sample_5930386: duplicate of smogon_ubers_sample_5922720_3
skip smogon_ubers_hub_inline_9462710_7 (ubers_old_gens_hub_9462710.txt): unresolved species '216 in rain'
skip smogon_ubers_hub_inline_9462710_8 (ubers_old_gens_hub_9462710.txt): unresolved species '252'
skip smogon_ubers_hub_inline_9462710_9 (ubers_old_gens_hub_9462710.txt): unresolved species '120+'
skip smogon_ubers_hub_inline_9462710_10 (ubers_old_gens_hub_9462710.txt): unresolved species '0'
skip smogon_ou_sharing_inline_p1_8078691_5 (ou_set_and_team_sharing_p1_8078691.txt): unresolved move 'Focus Punch/Earthquake'
skip smogon_ou_sharing_inline_p1_8078691_10 (ou_set_and_team_sharing_p1_8078691.txt): unresolved species 'Some other thoughts:'
skip smogon_ou_sharing_inline_p1_8078786_1: duplicate of smogon_ou_sharing_inline_p1_8078691_7
skip smogon_ou_sharing_inline_p1_8078786_2: duplicate of smogon_ou_sharing_inline_p1_8078691_8
skip smogon_ou_sharing_inline_p1_8078805: duplicate of smogon_ou_sharing_inline_p1_8078691_4
skip smogon_ou_sharing_inline_p1_8079273_1 (ou_set_and_team_sharing_p1_8079273.txt): unresolved move 'Encore or Hidden Power Flying'
skip smogon_ou_sharing_inline_p1_8079273_3 (ou_set_and_team_sharing_p1_8079273.txt): unresolved move 'Focus Punch or Sky Uppercut or Brick Break'
skip smogon_ou_sharing_inline_p1_8086018_1 (ou_set_and_team_sharing_p1_8086018.txt): unresolved item 'Leftovers / Lum Berry'
skip smogon_ou_sharing_inline_p1_8086018_5 (ou_set_and_team_sharing_p1_8086018.txt): unresolved item 'Lum Berry / Salac Berry (lefties works too and cb can run the same four moves)'
skip smogon_ou_sharing_inline_p2_8493103_1 (ou_set_and_team_sharing_p2_8493103.txt): unresolved species "Whitney's Miltank lol"
skip smogon_ou_sharing_inline_p2_8493103_2 (ou_set_and_team_sharing_p2_8493103.txt): unresolved species "Why it's like a Snorlax:"
skip smogon_ou_sharing_inline_p2_8557351 (ou_set_and_team_sharing_p2_8557351.txt): unresolved species 'Team 1:'
skip smogon_ou_sharing_inline_p2_8584595_6 (ou_set_and_team_sharing_p2_8584595.txt): unresolved move '2 of Ice Punch'
skip smogon_ou_sharing_inline_p2_8594698_1 (ou_set_and_team_sharing_p2_8594698.txt): unresolved move 'Refresh /Explosion'
skip smogon_ou_sharing_inline_p2_8594698_3 (ou_set_and_team_sharing_p2_8594698.txt): unresolved move 'Fire Punch/Thunder'
skip smogon_ou_sharing_inline_p2_8594698_4 (ou_set_and_team_sharing_p2_8594698.txt): unresolved move 'Explosion/Rest'
skip smogon_ou_sharing_inline_p2_8636883_5 (ou_set_and_team_sharing_p2_8636883.txt): unresolved item 'Leftovers / Metal Coat'
skip smogon_ou_sharing_inline_p2_8636883_6 (ou_set_and_team_sharing_p2_8636883.txt): unresolved item 'Leftovers  / Metal Coat'
skip smogon_ou_sharing_inline_p2_8657294_5 (ou_set_and_team_sharing_p2_8657294.txt): unresolved item 'Leftovers / Magnet'
skip smogon_ou_sharing_inline_p2_8657294_7: duplicate of smogon_ou_sharing_p2_030
skip smogon_ou_sharing_inline_p2_8681940 (ou_set_and_team_sharing_p2_8681940.txt): unresolved move 'Toxic/Stun spore'
skip smogon_ou_sharing_inline_p3_8750900_2 (ou_set_and_team_sharing_p3_8750900.txt): unresolved move 'Subsitute,or Toxic,or ThunderPunch'
skip smogon_ou_sharing_inline_p3_8750900_5 (ou_set_and_team_sharing_p3_8750900.txt): unresolved move 'Hideen Power Grass'
skip smogon_ou_sharing_inline_p3_8772235_1 (ou_set_and_team_sharing_p3_8772235.txt): unresolved move 'Flamethrower/Fire Blast'
skip smogon_ou_sharing_inline_p3_8772235_3 (ou_set_and_team_sharing_p3_8772235.txt): unresolved move 'Hidden Power [Ice]/Calm Mind/Hidden Power Fighting'
skip smogon_ou_sharing_inline_p3_8779884_1 (ou_set_and_team_sharing_p3_8779884.txt): unresolved move 'Roar/Wish'
skip smogon_ou_sharing_inline_p3_8779884_2 (ou_set_and_team_sharing_p3_8779884.txt): unresolved move 'Hidden Power [Grass]/Hidden Power [Ice]'
skip smogon_ou_sharing_inline_p3_8828356: duplicate of smogon_ou_sharing_inline_p3_8821123_3
skip smogon_ou_sharing_inline_p3_8831602_19 (ou_set_and_team_sharing_p3_8831602.txt): unresolved item 'Petaya Berry / Magnet'
skip smogon_ou_sharing_inline_p4_8915774_1 (ou_set_and_team_sharing_p4_8915774.txt): unresolved species '+ Fat Dug not necessary, 372 dug traps other Dug non-ironically'
skip smogon_ou_sharing_inline_p4_8915774_2 (ou_set_and_team_sharing_p4_8915774.txt): unresolved species '+ general team slaps around a lot of pressure'
skip smogon_ou_sharing_inline_p4_8915774_3 (ou_set_and_team_sharing_p4_8915774.txt): unresolved species '+ DDmence is underused and completely murders many ladder teams'
skip smogon_ou_sharing_inline_p4_8915774_4 (ou_set_and_team_sharing_p4_8915774.txt): unresolved species '+ Opponents often underestimate bulk of Machamp'
skip smogon_ou_sharing_inline_p4_8915774_5 (ou_set_and_team_sharing_p4_8915774.txt): unresolved species '+ Ludi funny water check / glue'
skip smogon_ou_sharing_inline_p4_8915774_6 (ou_set_and_team_sharing_p4_8915774.txt): unresolved species '+ fun'
skip smogon_ou_sharing_inline_p4_8915774_7 (ou_set_and_team_sharing_p4_8915774.txt): unresolved species '+ obliterates fat spam'
skip smogon_ou_sharing_inline_p4_8915774_8 (ou_set_and_team_sharing_p4_8915774.txt): unresolved species '+ decent win cons'
skip smogon_ou_sharing_inline_p4_9041053_4: duplicate of smogon_ou_sharing_inline_p4_9041053_2
skip smogon_ou_sharing_inline_p5_9269041_1: duplicate of smogon_ou_sharing_p5_008
skip smogon_ou_sharing_inline_p5_9269041_2: duplicate of smogon_ou_sharing_p5_009
skip smogon_ou_sharing_inline_p5_9395720_1: duplicate of smogon_ou_sharing_p5_078_1
skip smogon_ou_sharing_inline_p5_9395720_2: duplicate of smogon_ou_sharing_p5_078_2
skip smogon_ou_sharing_inline_p5_9395720_3: duplicate of smogon_ou_sharing_p5_078_3
skip smogon_ou_sharing_inline_p5_9395720_4: duplicate of smogon_ou_sharing_p5_078_4
skip smogon_ou_sharing_inline_p5_9395720_5: duplicate of smogon_ou_sharing_p5_078_5
skip smogon_ou_sharing_inline_p5_9395720_6: duplicate of smogon_ou_sharing_p5_078_6
skip smogon_ou_sharing_inline_p5_9395720_7: duplicate of smogon_ou_sharing_p5_078_7
skip smogon_ou_sharing_inline_p5_9395720_8: duplicate of smogon_ou_sharing_p5_078_8
skip smogon_ou_sharing_inline_p5_9395720_9: duplicate of smogon_ou_sharing_p5_078_9
skip smogon_ou_sharing_inline_p5_9395720_10: duplicate of smogon_ou_sharing_p5_078_10
skip smogon_ou_sharing_inline_p5_9395720_11: duplicate of smogon_ou_sharing_p5_078_11
skip smogon_ou_sharing_inline_p5_9395720_12: duplicate of smogon_ou_sharing_p5_078_12
skip smogon_ou_sharing_inline_p5_9395720_13: duplicate of smogon_ou_sharing_p5_009
skip smogon_ou_sharing_inline_p5_9395720_14: duplicate of smogon_ou_sharing_p5_078_14
skip smogon_ou_sharing_inline_p5_9395720_15: duplicate of smogon_ou_sharing_p5_078_15
skip smogon_ou_sharing_inline_p5_9633899_9: duplicate of smogon_ou_sharing_inline_p5_9473658_3
skip smogon_ou_sharing_inline_p6_9905684_1: duplicate of smogon_ou_sharing_p6_001
skip smogon_ou_sharing_inline_p6_9954367_16: duplicate of smogon_ou_sharing_p7_006_30
skip smogon_ou_sharing_inline_p6_10525763: duplicate of smogon_ou_sharing_inline_p6_10525408
skip smogon_ou_sharing_inline_p6_10526843: duplicate of smogon_ou_sharing_inline_p6_10525408
skip smogon_ou_sharing_inline_p7_10610659_1: duplicate of smogon_ou_sharing_inline_p7_10603213_1
skip smogon_ou_sharing_inline_p7_10610659_2: duplicate of smogon_ou_sharing_inline_p7_10603213_2
skip smogon_ou_sharing_inline_p7_10610659_3: duplicate of smogon_ou_sharing_inline_p7_10603213_3
skip smogon_ou_sharing_inline_p7_10610659_4: duplicate of smogon_ou_sharing_inline_p7_10603213_4
skip smogon_ou_sharing_inline_p7_10610659_5: duplicate of smogon_ou_sharing_inline_p7_10603213_5
skip smogon_ou_sharing_inline_p7_10610659_6: duplicate of smogon_ou_sharing_inline_p7_10603213_6
skip smogon_ou_sharing_inline_p7_10610659_7: duplicate of smogon_ou_sharing_inline_p7_10603213_7
skip smogon_ou_sharing_inline_p7_10610659_8: duplicate of smogon_ou_sharing_inline_p7_10603213_8
skip smogon_ou_sharing_inline_p7_10610659_9: duplicate of smogon_ou_sharing_inline_p7_10603213_9
skip smogon_ou_sharing_inline_p7_10610659_10: duplicate of smogon_ou_sharing_inline_p7_10603213_10
skip smogon_ou_sharing_inline_p7_10610659_11: duplicate of smogon_ou_sharing_inline_p7_10603213_11
skip smogon_ou_sharing_inline_p7_10610659_12: duplicate of smogon_ou_sharing_inline_p7_10603213_12
skip smogon_ou_sharing_inline_p7_10610659_13: duplicate of smogon_ou_sharing_inline_p7_10603213_13
skip smogon_ou_sharing_inline_p7_10610659_14: duplicate of smogon_ou_sharing_inline_p7_10603213_14
skip smogon_ou_sharing_inline_p7_10610659_15: duplicate of smogon_ou_sharing_inline_p7_10603213_15
skip smogon_ou_sharing_inline_p7_10780019_1 (ou_set_and_team_sharing_p7_10780019.txt): unresolved item 'Leftovers (preferred)'
skip smogon_ou_sharing_inline_p7_10780019_2 (ou_set_and_team_sharing_p7_10780019.txt): unresolved species 'Heck I was using this on an Electabuzz/Golduck team!'
skip smogon_ou_sharing_inline_p8_10890673 (ou_set_and_team_sharing_p8_10890673.txt): unresolved move 'Surf/Hydro Pump'
skip smogon_ou_sharing_inline_p8_10907630: duplicate of smogon_ou_sharing_inline_p8_10907557
skip smogon_ou_sharing_inline_p9_11074011_1 (ou_set_and_team_sharing_p9_11074011.txt): unresolved item 'Magnet / Charcoal'
skip smogon_ou_sharing_inline_p9_11074011_3 (ou_set_and_team_sharing_p9_11074011.txt): unresolved species 'this skarm set:'
skip smogon_ou_sharing_inline_p9_11074582 (ou_set_and_team_sharing_p9_11074582.txt): unresolved item 'Magnet / Charcoal'
skip smogon_ou_sharing_inline_p9_11093233: duplicate of smogon_ou_sharing_inline_p9_11093154
skip smogon_ou_sharing_inline_p10_11099968: duplicate of smogon_ou_sharing_inline_p10_11099642
skip smogon_ou_sharing_inline_p10_11101299: duplicate of smogon_ou_sharing_inline_p10_11097174
skip smogon_ou_sharing_inline_p10_11103808: duplicate of smogon_ou_sharing_inline_p10_11099642
skip smogon_ou_sharing_inline_p10_11108768_5 (ou_set_and_team_sharing_p10_11108768.txt): unresolved species 'The Value of my Duskull set:'
skip smogon_ou_sharing_inline_p10_11119716_1: duplicate of smogon_ou_sharing_inline_p10_11094298_1
skip smogon_ou_sharing_inline_p10_11119716_2: duplicate of smogon_ou_sharing_inline_p10_11094298_2
skip smogon_ou_sharing_inline_p10_11119716_3: duplicate of smogon_ou_sharing_inline_p10_11094298_3
skip smogon_ou_sharing_inline_p10_11119716_4: duplicate of smogon_ou_sharing_inline_p10_11094298_4
skip smogon_ou_sharing_inline_p10_11119716_5: duplicate of smogon_ou_sharing_inline_p10_11094298_5
skip smogon_ou_sharing_inline_p10_11119716_6: duplicate of smogon_ou_sharing_inline_p10_11094298_6
5860 teams written, 67 skipped (unresolved), 2639 skipped (duplicate)
